city_id,date,hour,temperature_c,precipitation_mm
nyc,2024-01-01,0,3.8,0.0
nyc,2024-01-01,1,3.8,0.0
nyc,2024-01-01,2,3.1,0.0
nyc,2024-01-01,3,2.6,0.0
nyc,2024-01-01,4,1.9,0.0
nyc,2024-01-01,5,1.8,0.0
nyc,2024-01-01,6,2.8,0.0
nyc,2024-01-01,7,2.9,0.0
nyc,2024-01-01,8,2.8,0.0
nyc,2024-01-01,9,0.7,0.0
nyc,2024-01-01,10,0.2,0.0
nyc,2024-01-01,11,1.5,0.0
nyc,2024-01-01,12,1.9,0.0
nyc,2024-01-01,13,3.3,0.0
nyc,2024-01-01,14,3.9,0.0
nyc,2024-01-01,15,4.7,0.0
nyc,2024-01-01,16,5.6,0.0
nyc,2024-01-01,17,6.7,0.0
nyc,2024-01-01,18,7.7,0.0
nyc,2024-01-01,19,7.5,0.0
nyc,2024-01-01,20,7.4,0.0
nyc,2024-01-01,21,7.0,0.0
nyc,2024-01-01,22,4.9,0.0
nyc,2024-01-01,23,3.4,0.0
nyc,2024-01-02,0,2.0,0.0
nyc,2024-01-02,1,2.2,0.0
nyc,2024-01-02,2,1.7,0.0
nyc,2024-01-02,3,0.7,0.0
nyc,2024-01-02,4,-0.4,0.0
nyc,2024-01-02,5,-1.2,0.0
nyc,2024-01-02,6,-1.8,0.0
nyc,2024-01-02,7,-2.3,0.0
nyc,2024-01-02,8,-2.8,0.0
nyc,2024-01-02,9,-3.4,0.0
nyc,2024-01-02,10,-3.9,0.0
nyc,2024-01-02,11,-4.3,0.0
nyc,2024-01-02,12,-4.6,0.0
nyc,2024-01-02,13,-2.8,0.0
nyc,2024-01-02,14,-1.0,0.0
nyc,2024-01-02,15,0.7,0.0
nyc,2024-01-02,16,2.3,0.0
nyc,2024-01-02,17,3.7,0.0
nyc,2024-01-02,18,4.9,0.0
nyc,2024-01-02,19,5.6,0.0
nyc,2024-01-02,20,5.7,0.0
nyc,2024-01-02,21,4.9,0.0
nyc,2024-01-02,22,1.5,0.0
nyc,2024-01-02,23,0.5,0.0
nyc,2024-01-03,0,0.0,0.0
nyc,2024-01-03,1,-0.1,0.0
nyc,2024-01-03,2,-0.6,0.0
nyc,2024-01-03,3,-0.7,0.0
nyc,2024-01-03,4,-1.1,0.0
nyc,2024-01-03,5,-1.6,0.0
nyc,2024-01-03,6,-1.6,0.0
nyc,2024-01-03,7,-2.1,0.0
nyc,2024-01-03,8,-2.3,0.0
nyc,2024-01-03,9,-2.3,0.0
nyc,2024-01-03,10,-2.2,0.0
nyc,2024-01-03,11,-2.1,0.0
nyc,2024-01-03,12,-1.9,0.0
nyc,2024-01-03,13,-0.7,0.0
nyc,2024-01-03,14,1.1,0.0
nyc,2024-01-03,15,3.0,0.0
nyc,2024-01-03,16,4.4,0.0
nyc,2024-01-03,17,5.4,0.0
nyc,2024-01-03,18,7.7,0.0
nyc,2024-01-03,19,7.4,0.0
nyc,2024-01-03,20,7.3,0.0
nyc,2024-01-03,21,6.0,0.0
nyc,2024-01-03,22,3.6,0.0
nyc,2024-01-03,23,3.1,0.0
nyc,2024-01-04,0,2.0,0.0
nyc,2024-01-04,1,1.7,0.0
nyc,2024-01-04,2,0.6,0.0
nyc,2024-01-04,3,-0.7,0.0
nyc,2024-01-04,4,-0.1,0.0
nyc,2024-01-04,5,0.9,0.0
nyc,2024-01-04,6,1.0,0.0
nyc,2024-01-04,7,0.8,0.0
nyc,2024-01-04,8,0.4,0.0
nyc,2024-01-04,9,0.3,0.0
nyc,2024-01-04,10,0.7,0.0
nyc,2024-01-04,11,0.5,0.0
nyc,2024-01-04,12,0.6,0.0
nyc,2024-01-04,13,1.2,0.0
nyc,2024-01-04,14,2.4,0.0
nyc,2024-01-04,15,3.9,0.0
nyc,2024-01-04,16,5.7,0.0
nyc,2024-01-04,17,6.8,0.0
nyc,2024-01-04,18,6.8,0.0
nyc,2024-01-04,19,6.5,0.0
nyc,2024-01-04,20,5.4,0.0
nyc,2024-01-04,21,4.4,0.0
nyc,2024-01-04,22,2.4,0.0
nyc,2024-01-04,23,0.8,0.0
nyc,2024-01-05,0,-0.4,0.0
nyc,2024-01-05,1,-0.1,0.0
nyc,2024-01-05,2,-1.1,0.0
nyc,2024-01-05,3,-2.1,0.0
nyc,2024-01-05,4,-3.1,0.0
nyc,2024-01-05,5,-3.8,0.0
nyc,2024-01-05,6,-4.3,0.0
nyc,2024-01-05,7,-4.5,0.0
nyc,2024-01-05,8,-4.7,0.0
nyc,2024-01-05,9,-4.9,0.0
nyc,2024-01-05,10,-5.0,0.0
nyc,2024-01-05,11,-5.1,0.0
nyc,2024-01-05,12,-5.4,0.0
nyc,2024-01-05,13,-4.3,0.0
nyc,2024-01-05,14,-2.4,0.0
nyc,2024-01-05,15,-1.0,0.0
nyc,2024-01-05,16,0.1,0.0
nyc,2024-01-05,17,1.1,0.0
nyc,2024-01-05,18,2.1,0.0
nyc,2024-01-05,19,2.9,0.0
nyc,2024-01-05,20,3.1,0.0
nyc,2024-01-05,21,2.4,0.0
nyc,2024-01-05,22,0.2,0.0
nyc,2024-01-05,23,-0.6,0.0
nyc,2024-01-06,0,-0.9,0.0
nyc,2024-01-06,1,-1.0,0.0
nyc,2024-01-06,2,-1.6,0.0
nyc,2024-01-06,3,-2.6,0.0
nyc,2024-01-06,4,-3.3,0.0
nyc,2024-01-06,5,-4.1,0.0
nyc,2024-01-06,6,-4.4,0.0
nyc,2024-01-06,7,-4.2,0.0
nyc,2024-01-06,8,-4.8,0.0
nyc,2024-01-06,9,-5.2,0.0
nyc,2024-01-06,10,-3.9,0.0
nyc,2024-01-06,11,-4.1,0.0
nyc,2024-01-06,12,-3.9,0.0
nyc,2024-01-06,13,-3.9,0.0
nyc,2024-01-06,14,-2.0,0.0
nyc,2024-01-06,15,-0.5,0.0
nyc,2024-01-06,16,0.9,0.0
nyc,2024-01-06,17,1.8,0.0
nyc,2024-01-06,18,2.4,0.0
nyc,2024-01-06,19,2.8,0.0
nyc,2024-01-06,20,2.1,0.2
nyc,2024-01-06,21,1.8,0.5
nyc,2024-01-06,22,1.3,1.2
nyc,2024-01-06,23,1.1,1.8
nyc,2024-01-07,0,1.0,3.0
nyc,2024-01-07,1,0.9,1.8
nyc,2024-01-07,2,1.1,0.9
nyc,2024-01-07,3,1.1,1.6
nyc,2024-01-07,4,1.5,0.8
nyc,2024-01-07,5,1.6,1.0
nyc,2024-01-07,6,1.7,0.5
nyc,2024-01-07,7,1.9,0.1
nyc,2024-01-07,8,2.2,0.0
nyc,2024-01-07,9,2.4,0.1
nyc,2024-01-07,10,2.4,0.1
nyc,2024-01-07,11,2.4,0.2
nyc,2024-01-07,12,2.5,0.3
nyc,2024-01-07,13,1.9,0.5
nyc,2024-01-07,14,1.7,1.0
nyc,2024-01-07,15,1.5,0.4
nyc,2024-01-07,16,1.4,1.0
nyc,2024-01-07,17,1.1,1.1
nyc,2024-01-07,18,1.6,0.2
nyc,2024-01-07,19,2.2,0.0
nyc,2024-01-07,20,2.5,0.0
nyc,2024-01-07,21,2.1,0.0
nyc,2024-01-07,22,1.3,0.0
nyc,2024-01-07,23,0.7,0.0
nyc,2024-01-08,0,-0.2,0.0
nyc,2024-01-08,1,0.2,0.0
nyc,2024-01-08,2,0.6,0.0
nyc,2024-01-08,3,0.2,0.0
nyc,2024-01-08,4,-0.5,0.0
nyc,2024-01-08,5,-0.7,0.0
nyc,2024-01-08,6,-0.5,0.0
nyc,2024-01-08,7,-0.4,0.0
nyc,2024-01-08,8,-0.8,0.0
nyc,2024-01-08,9,-0.4,0.0
nyc,2024-01-08,10,-0.7,0.0
nyc,2024-01-08,11,-1.0,0.0
nyc,2024-01-08,12,-0.8,0.0
nyc,2024-01-08,13,0.2,0.0
nyc,2024-01-08,14,2.1,0.0
nyc,2024-01-08,15,3.7,0.0
nyc,2024-01-08,16,4.6,0.0
nyc,2024-01-08,17,5.6,0.0
nyc,2024-01-08,18,6.1,0.0
nyc,2024-01-08,19,6.3,0.0
nyc,2024-01-08,20,6.3,0.0
nyc,2024-01-08,21,4.8,0.0
nyc,2024-01-08,22,4.1,0.0
nyc,2024-01-08,23,3.2,0.0
nyc,2024-01-09,0,2.3,0.0
nyc,2024-01-09,1,-2.5,0.0
nyc,2024-01-09,2,-3.2,0.0
nyc,2024-01-09,3,-2.9,0.0
nyc,2024-01-09,4,-3.6,0.0
nyc,2024-01-09,5,-3.7,0.0
nyc,2024-01-09,6,-4.1,0.0
nyc,2024-01-09,7,-4.4,0.0
nyc,2024-01-09,8,-4.6,0.0
nyc,2024-01-09,9,-3.4,0.0
nyc,2024-01-09,10,-3.3,0.0
nyc,2024-01-09,11,-1.9,0.0
nyc,2024-01-09,12,-1.2,0.0
nyc,2024-01-09,13,0.2,0.0
nyc,2024-01-09,14,2.7,0.0
nyc,2024-01-09,15,5.2,0.0
nyc,2024-01-09,16,5.5,0.1
nyc,2024-01-09,17,4.6,0.7
nyc,2024-01-09,18,5.2,0.6
nyc,2024-01-09,19,6.0,1.0
nyc,2024-01-09,20,6.2,1.5
nyc,2024-01-09,21,7.3,1.3
nyc,2024-01-09,22,8.6,1.0
nyc,2024-01-09,23,9.6,3.6
nyc,2024-01-10,0,10.3,3.7
nyc,2024-01-10,1,11.3,5.5
nyc,2024-01-10,2,11.8,5.7
nyc,2024-01-10,3,12.6,6.8
nyc,2024-01-10,4,13.1,6.5
nyc,2024-01-10,5,13.0,12.9
nyc,2024-01-10,6,13.1,8.3
nyc,2024-01-10,7,13.6,0.4
nyc,2024-01-10,8,13.8,0.0
nyc,2024-01-10,9,12.9,0.1
nyc,2024-01-10,10,10.9,0.0
nyc,2024-01-10,11,8.6,0.0
nyc,2024-01-10,12,7.2,0.0
nyc,2024-01-10,13,8.5,0.0
nyc,2024-01-10,14,8.6,0.0
nyc,2024-01-10,15,8.7,0.0
nyc,2024-01-10,16,9.0,0.0
nyc,2024-01-10,17,9.3,0.0
nyc,2024-01-10,18,9.7,0.0
nyc,2024-01-10,19,8.8,0.0
nyc,2024-01-10,20,8.6,0.0
nyc,2024-01-10,21,8.1,0.0
nyc,2024-01-10,22,6.8,0.0
nyc,2024-01-10,23,6.3,0.0
nyc,2024-01-11,0,5.6,0.0
nyc,2024-01-11,1,6.8,0.0
nyc,2024-01-11,2,5.6,0.0
nyc,2024-01-11,3,5.2,0.0
nyc,2024-01-11,4,5.2,0.0
nyc,2024-01-11,5,4.3,0.0
nyc,2024-01-11,6,3.8,0.0
nyc,2024-01-11,7,3.0,0.0
nyc,2024-01-11,8,2.3,0.0
nyc,2024-01-11,9,2.1,0.0
nyc,2024-01-11,10,1.3,0.0
nyc,2024-01-11,11,0.6,0.0
nyc,2024-01-11,12,0.1,0.0
nyc,2024-01-11,13,2.8,0.0
nyc,2024-01-11,14,4.1,0.0
nyc,2024-01-11,15,5.6,0.0
nyc,2024-01-11,16,6.7,0.0
nyc,2024-01-11,17,7.7,0.0
nyc,2024-01-11,18,7.9,0.0
nyc,2024-01-11,19,8.0,0.0
nyc,2024-01-11,20,8.2,0.0
nyc,2024-01-11,21,7.5,0.0
nyc,2024-01-11,22,4.8,0.0
nyc,2024-01-11,23,4.0,0.0
nyc,2024-01-12,0,4.7,0.0
nyc,2024-01-12,1,5.0,0.0
nyc,2024-01-12,2,5.0,0.0
nyc,2024-01-12,3,4.1,0.0
nyc,2024-01-12,4,3.1,0.0
nyc,2024-01-12,5,2.5,0.0
nyc,2024-01-12,6,2.1,0.0
nyc,2024-01-12,7,1.5,0.0
nyc,2024-01-12,8,1.2,0.0
nyc,2024-01-12,9,0.4,0.0
nyc,2024-01-12,10,-0.5,0.0
nyc,2024-01-12,11,-1.2,0.0
nyc,2024-01-12,12,-2.0,0.0
nyc,2024-01-12,13,0.3,0.0
nyc,2024-01-12,14,2.9,0.0
nyc,2024-01-12,15,5.5,0.0
nyc,2024-01-12,16,7.0,0.0
nyc,2024-01-12,17,7.8,0.0
nyc,2024-01-12,18,8.2,0.0
nyc,2024-01-12,19,8.2,0.0
nyc,2024-01-12,20,7.3,0.0
nyc,2024-01-12,21,6.1,0.0
nyc,2024-01-12,22,4.9,0.0
nyc,2024-01-12,23,5.4,0.0
nyc,2024-01-13,0,5.9,0.0
nyc,2024-01-13,1,6.2,0.0
nyc,2024-01-13,2,6.6,0.2
nyc,2024-01-13,3,6.7,0.6
nyc,2024-01-13,4,7.3,3.2
nyc,2024-01-13,5,8.2,1.8
nyc,2024-01-13,6,8.8,3.5
nyc,2024-01-13,7,10.3,6.8
nyc,2024-01-13,8,11.0,4.5
nyc,2024-01-13,9,11.6,1.6
nyc,2024-01-13,10,11.5,0.0
nyc,2024-01-13,11,11.1,0.6
nyc,2024-01-13,12,10.8,0.1
nyc,2024-01-13,13,14.4,0.0
nyc,2024-01-13,14,14.6,0.6
nyc,2024-01-13,15,14.2,0.1
nyc,2024-01-13,16,13.8,0.1
nyc,2024-01-13,17,13.0,0.0
nyc,2024-01-13,18,10.8,0.0
nyc,2024-01-13,19,8.8,0.0
nyc,2024-01-13,20,8.6,0.0
nyc,2024-01-13,21,7.9,0.0
nyc,2024-01-13,22,6.1,0.0
nyc,2024-01-13,23,4.3,0.0
nyc,2024-01-14,0,3.1,0.0
nyc,2024-01-14,1,4.2,0.0
nyc,2024-01-14,2,2.9,0.0
nyc,2024-01-14,3,1.8,0.0
nyc,2024-01-14,4,1.2,0.0
nyc,2024-01-14,5,0.5,0.0
nyc,2024-01-14,6,-0.3,0.0
nyc,2024-01-14,7,-1.0,0.0
nyc,2024-01-14,8,-1.3,0.0
nyc,2024-01-14,9,-1.5,0.0
nyc,2024-01-14,10,-1.7,0.0
nyc,2024-01-14,11,-1.9,0.0
nyc,2024-01-14,12,-2.1,0.0
nyc,2024-01-14,13,-0.1,0.0
nyc,2024-01-14,14,1.5,0.0
nyc,2024-01-14,15,3.2,0.0
nyc,2024-01-14,16,4.9,0.0
nyc,2024-01-14,17,6.3,0.1
nyc,2024-01-14,18,3.3,0.3
nyc,2024-01-14,19,3.0,0.1
nyc,2024-01-14,20,2.7,0.0
nyc,2024-01-14,21,1.4,0.0
nyc,2024-01-14,22,-0.2,0.0
nyc,2024-01-14,23,-1.9,0.0
nyc,2024-01-15,0,-2.7,0.0
nyc,2024-01-15,1,-2.5,0.0
nyc,2024-01-15,2,-3.3,0.0
nyc,2024-01-15,3,-3.8,0.0
nyc,2024-01-15,4,-4.5,0.0
nyc,2024-01-15,5,-5.1,0.0
nyc,2024-01-15,6,-5.4,0.0
nyc,2024-01-15,7,-5.6,0.0
nyc,2024-01-15,8,-5.8,0.0
nyc,2024-01-15,9,-5.5,0.0
nyc,2024-01-15,10,-5.1,0.0
nyc,2024-01-15,11,-5.4,0.0
nyc,2024-01-15,12,-5.9,0.0
nyc,2024-01-15,13,-5.3,0.0
nyc,2024-01-15,14,-4.3,0.0
nyc,2024-01-15,15,-3.3,0.0
nyc,2024-01-15,16,-2.2,0.0
nyc,2024-01-15,17,-1.3,0.0
nyc,2024-01-15,18,-0.9,0.0
nyc,2024-01-15,19,-1.0,0.0
nyc,2024-01-15,20,-0.8,0.0
nyc,2024-01-15,21,-1.1,0.0
nyc,2024-01-15,22,-1.4,0.0
nyc,2024-01-15,23,-1.6,0.0
nyc,2024-01-16,0,-1.9,0.0
nyc,2024-01-16,1,-2.8,0.1
nyc,2024-01-16,2,-3.4,0.3
nyc,2024-01-16,3,-3.7,0.4
nyc,2024-01-16,4,-3.8,0.3
nyc,2024-01-16,5,-4.1,0.7
nyc,2024-01-16,6,-4.1,0.5
nyc,2024-01-16,7,-4.0,0.5
nyc,2024-01-16,8,-4.0,0.4
nyc,2024-01-16,9,-4.0,0.4
nyc,2024-01-16,10,-3.8,0.6
nyc,2024-01-16,11,-3.4,0.2
nyc,2024-01-16,12,-3.1,0.5
nyc,2024-01-16,13,-2.7,0.3
nyc,2024-01-16,14,-2.1,0.5
nyc,2024-01-16,15,-1.8,0.4
nyc,2024-01-16,16,-1.7,1.4
nyc,2024-01-16,17,-1.4,0.6
nyc,2024-01-16,18,-1.0,0.4
nyc,2024-01-16,19,-0.9,1.3
nyc,2024-01-16,20,-1.6,0.3
nyc,2024-01-16,21,-1.0,0.1
nyc,2024-01-16,22,-1.1,0.1
nyc,2024-01-16,23,-1.0,0.0
nyc,2024-01-17,0,-2.1,0.0
nyc,2024-01-17,1,-3.9,0.0
nyc,2024-01-17,2,-4.7,0.0
nyc,2024-01-17,3,-5.7,0.0
nyc,2024-01-17,4,-6.4,0.0
nyc,2024-01-17,5,-6.4,0.0
nyc,2024-01-17,6,-6.8,0.0
nyc,2024-01-17,7,-7.1,0.0
nyc,2024-01-17,8,-7.4,0.0
nyc,2024-01-17,9,-7.8,0.0
nyc,2024-01-17,10,-8.1,0.0
nyc,2024-01-17,11,-8.5,0.0
nyc,2024-01-17,12,-9.0,0.0
nyc,2024-01-17,13,-8.6,0.0
nyc,2024-01-17,14,-7.8,0.0
nyc,2024-01-17,15,-6.9,0.0
nyc,2024-01-17,16,-6.0,0.0
nyc,2024-01-17,17,-5.2,0.0
nyc,2024-01-17,18,-4.5,0.0
nyc,2024-01-17,19,-4.2,0.0
nyc,2024-01-17,20,-4.2,0.0
nyc,2024-01-17,21,-4.7,0.0
nyc,2024-01-17,22,-5.8,0.0
nyc,2024-01-17,23,-6.1,0.0
nyc,2024-01-18,0,-6.0,0.0
nyc,2024-01-18,1,-6.4,0.0
nyc,2024-01-18,2,-6.3,0.0
nyc,2024-01-18,3,-6.3,0.0
nyc,2024-01-18,4,-6.4,0.0
nyc,2024-01-18,5,-6.5,0.0
nyc,2024-01-18,6,-6.6,0.0
nyc,2024-01-18,7,-6.7,0.0
nyc,2024-01-18,8,-6.8,0.0
nyc,2024-01-18,9,-6.8,0.0
nyc,2024-01-18,10,-6.8,0.0
nyc,2024-01-18,11,-6.4,0.0
nyc,2024-01-18,12,-6.2,0.0
nyc,2024-01-18,13,-4.9,0.0
nyc,2024-01-18,14,-3.9,0.0
nyc,2024-01-18,15,-3.1,0.1
nyc,2024-01-18,16,-2.4,0.1
nyc,2024-01-18,17,-1.5,0.1
nyc,2024-01-18,18,-0.4,0.0
nyc,2024-01-18,19,0.2,0.0
nyc,2024-01-18,20,0.4,0.0
nyc,2024-01-18,21,0.3,0.0
nyc,2024-01-18,22,-1.1,0.0
nyc,2024-01-18,23,-1.5,0.0
nyc,2024-01-19,0,-1.6,0.0
nyc,2024-01-19,1,-1.7,0.0
nyc,2024-01-19,2,-1.6,0.0
nyc,2024-01-19,3,-1.8,0.0
nyc,2024-01-19,4,-2.2,0.0
nyc,2024-01-19,5,-2.7,0.0
nyc,2024-01-19,6,-2.9,0.0
nyc,2024-01-19,7,-2.6,0.0
nyc,2024-01-19,8,-2.8,0.0
nyc,2024-01-19,9,-2.7,0.0
nyc,2024-01-19,10,-2.7,0.1
nyc,2024-01-19,11,-2.8,0.1
nyc,2024-01-19,12,-2.9,0.1
nyc,2024-01-19,13,-2.7,0.2
nyc,2024-01-19,14,-2.2,0.2
nyc,2024-01-19,15,-1.6,0.2
nyc,2024-01-19,16,-1.3,0.3
nyc,2024-01-19,17,-1.2,0.4
nyc,2024-01-19,18,-1.0,0.3
nyc,2024-01-19,19,-0.9,0.2
nyc,2024-01-19,20,-1.0,0.2
nyc,2024-01-19,21,-1.7,0.2
nyc,2024-01-19,22,-2.4,0.1
nyc,2024-01-19,23,-3.1,0.1
nyc,2024-01-20,0,-3.6,0.0
nyc,2024-01-20,1,-4.0,0.0
nyc,2024-01-20,2,-4.6,0.0
nyc,2024-01-20,3,-4.0,0.0
nyc,2024-01-20,4,-4.0,0.0
nyc,2024-01-20,5,-4.9,0.0
nyc,2024-01-20,6,-5.7,0.0
nyc,2024-01-20,7,-6.7,0.0
nyc,2024-01-20,8,-7.4,0.0
nyc,2024-01-20,9,-7.8,0.0
nyc,2024-01-20,10,-8.0,0.0
nyc,2024-01-20,11,-8.1,0.0
nyc,2024-01-20,12,-8.2,0.0
nyc,2024-01-20,13,-7.6,0.0
nyc,2024-01-20,14,-6.5,0.0
nyc,2024-01-20,15,-5.5,0.0
nyc,2024-01-20,16,-4.3,0.0
nyc,2024-01-20,17,-3.6,0.0
nyc,2024-01-20,18,-3.4,0.0
nyc,2024-01-20,19,-3.7,0.0
nyc,2024-01-20,20,-4.5,0.0
nyc,2024-01-20,21,-5.3,0.0
nyc,2024-01-20,22,-6.3,0.0
nyc,2024-01-20,23,-6.7,0.0
nyc,2024-01-21,0,-7.0,0.0
nyc,2024-01-21,1,-7.3,0.0
nyc,2024-01-21,2,-7.3,0.0
nyc,2024-01-21,3,-7.5,0.0
nyc,2024-01-21,4,-7.4,0.0
nyc,2024-01-21,5,-7.3,0.0
nyc,2024-01-21,6,-7.1,0.0
nyc,2024-01-21,7,-6.6,0.0
nyc,2024-01-21,8,-6.7,0.0
nyc,2024-01-21,9,-6.9,0.0
nyc,2024-01-21,10,-7.1,0.0
nyc,2024-01-21,11,-7.3,0.0
nyc,2024-01-21,12,-7.5,0.0
nyc,2024-01-21,13,-6.5,0.0
nyc,2024-01-21,14,-5.6,0.0
nyc,2024-01-21,15,-4.8,0.0
nyc,2024-01-21,16,-3.6,0.0
nyc,2024-01-21,17,-2.6,0.0
nyc,2024-01-21,18,-1.7,0.0
nyc,2024-01-21,19,-1.2,0.0
nyc,2024-01-21,20,-1.2,0.0
nyc,2024-01-21,21,-1.9,0.0
nyc,2024-01-21,22,-3.6,0.0
nyc,2024-01-21,23,-4.4,0.0
nyc,2024-01-22,0,-4.9,0.0
nyc,2024-01-22,1,-4.4,0.0
nyc,2024-01-22,2,-4.8,0.0
nyc,2024-01-22,3,-5.3,0.0
nyc,2024-01-22,4,-5.7,0.0
nyc,2024-01-22,5,-5.9,0.0
nyc,2024-01-22,6,-6.1,0.0
nyc,2024-01-22,7,-6.3,0.0
nyc,2024-01-22,8,-6.4,0.0
nyc,2024-01-22,9,-6.5,0.0
nyc,2024-01-22,10,-6.8,0.0
nyc,2024-01-22,11,-6.9,0.0
nyc,2024-01-22,12,-7.0,0.0
nyc,2024-01-22,13,-5.9,0.0
nyc,2024-01-22,14,-3.6,0.0
nyc,2024-01-22,15,-1.8,0.0
nyc,2024-01-22,16,0.0,0.0
nyc,2024-01-22,17,1.6,0.0
nyc,2024-01-22,18,2.7,0.0
nyc,2024-01-22,19,3.5,0.0
nyc,2024-01-22,20,3.6,0.0
nyc,2024-01-22,21,2.7,0.0
nyc,2024-01-22,22,1.0,0.0
nyc,2024-01-22,23,0.5,0.0
nyc,2024-01-23,0,-0.1,0.0
nyc,2024-01-23,1,-1.9,0.0
nyc,2024-01-23,2,-1.8,0.0
nyc,2024-01-23,3,-2.5,0.0
nyc,2024-01-23,4,-1.7,0.0
nyc,2024-01-23,5,-1.0,0.0
nyc,2024-01-23,6,-0.5,0.0
nyc,2024-01-23,7,-1.0,0.0
nyc,2024-01-23,8,-0.7,0.0
nyc,2024-01-23,9,-0.5,0.0
nyc,2024-01-23,10,-0.2,0.0
nyc,2024-01-23,11,-0.6,0.0
nyc,2024-01-23,12,-0.7,0.0
nyc,2024-01-23,13,1.1,0.0
nyc,2024-01-23,14,2.4,0.0
nyc,2024-01-23,15,2.7,0.2
nyc,2024-01-23,16,1.8,0.7
nyc,2024-01-23,17,2.2,0.5
nyc,2024-01-23,18,3.0,0.3
nyc,2024-01-23,19,4.1,0.0
nyc,2024-01-23,20,4.6,0.0
nyc,2024-01-23,21,3.9,0.0
nyc,2024-01-23,22,3.3,0.0
nyc,2024-01-23,23,1.6,0.0
nyc,2024-01-24,0,0.7,0.0
nyc,2024-01-24,1,0.6,0.0
nyc,2024-01-24,2,0.5,0.0
nyc,2024-01-24,3,-0.6,0.0
nyc,2024-01-24,4,0.2,0.0
nyc,2024-01-24,5,0.3,0.1
nyc,2024-01-24,6,0.4,0.0
nyc,2024-01-24,7,0.6,0.0
nyc,2024-01-24,8,0.6,0.0
nyc,2024-01-24,9,0.4,0.2
nyc,2024-01-24,10,0.1,0.2
nyc,2024-01-24,11,0.8,0.2
nyc,2024-01-24,12,0.5,0.1
nyc,2024-01-24,13,1.5,0.2
nyc,2024-01-24,14,3.2,0.1
nyc,2024-01-24,15,4.9,0.1
nyc,2024-01-24,16,5.1,0.2
nyc,2024-01-24,17,5.2,0.1
nyc,2024-01-24,18,5.2,0.1
nyc,2024-01-24,19,5.6,0.0
nyc,2024-01-24,20,5.2,0.1
nyc,2024-01-24,21,4.8,0.1
nyc,2024-01-24,22,4.3,0.2
nyc,2024-01-24,23,4.0,0.4
nyc,2024-01-25,0,3.8,0.2
nyc,2024-01-25,1,3.9,0.4
nyc,2024-01-25,2,3.9,0.2
nyc,2024-01-25,3,4.2,0.0
nyc,2024-01-25,4,5.2,0.3
nyc,2024-01-25,5,6.9,0.2
nyc,2024-01-25,6,7.5,0.1
nyc,2024-01-25,7,8.3,0.4
nyc,2024-01-25,8,9.2,0.3
nyc,2024-01-25,9,9.6,0.1
nyc,2024-01-25,10,9.9,0.3
nyc,2024-01-25,11,9.9,0.3
nyc,2024-01-25,12,9.1,0.2
nyc,2024-01-25,13,8.1,0.5
nyc,2024-01-25,14,9.0,0.4
nyc,2024-01-25,15,8.8,1.2
nyc,2024-01-25,16,9.4,0.7
nyc,2024-01-25,17,11.4,0.1
nyc,2024-01-25,18,11.1,0.1
nyc,2024-01-25,19,10.9,0.1
nyc,2024-01-25,20,10.0,0.1
nyc,2024-01-25,21,9.3,0.1
nyc,2024-01-25,22,8.1,0.0
nyc,2024-01-25,23,8.2,0.0
nyc,2024-01-26,0,8.1,0.1
nyc,2024-01-26,1,8.1,0.0
nyc,2024-01-26,2,8.4,0.0
nyc,2024-01-26,3,8.0,0.0
nyc,2024-01-26,4,7.9,0.1
nyc,2024-01-26,5,8.2,0.1
nyc,2024-01-26,6,7.7,0.2
nyc,2024-01-26,7,6.7,0.4
nyc,2024-01-26,8,6.0,0.6
nyc,2024-01-26,9,5.8,0.8
nyc,2024-01-26,10,5.7,0.5
nyc,2024-01-26,11,5.6,0.4
nyc,2024-01-26,12,5.8,0.3
nyc,2024-01-26,13,5.4,0.2
nyc,2024-01-26,14,5.8,0.3
nyc,2024-01-26,15,6.1,0.2
nyc,2024-01-26,16,5.8,0.5
nyc,2024-01-26,17,6.4,0.0
nyc,2024-01-26,18,7.1,0.0
nyc,2024-01-26,19,7.5,0.0
nyc,2024-01-26,20,8.1,0.0
nyc,2024-01-26,21,8.3,0.0
nyc,2024-01-26,22,7.9,0.0
nyc,2024-01-26,23,5.9,0.0
nyc,2024-01-27,0,4.5,0.0
nyc,2024-01-27,1,4.0,0.0
nyc,2024-01-27,2,3.4,0.0
nyc,2024-01-27,3,3.2,0.0
nyc,2024-01-27,4,3.3,0.0
nyc,2024-01-27,5,3.0,0.0
nyc,2024-01-27,6,3.1,0.0
nyc,2024-01-27,7,3.0,0.0
nyc,2024-01-27,8,3.0,0.0
nyc,2024-01-27,9,2.8,0.0
nyc,2024-01-27,10,3.3,0.0
nyc,2024-01-27,11,3.6,0.0
nyc,2024-01-27,12,3.5,0.0
nyc,2024-01-27,13,5.1,0.0
nyc,2024-01-27,14,5.9,0.0
nyc,2024-01-27,15,6.8,0.0
nyc,2024-01-27,16,7.8,0.0
nyc,2024-01-27,17,8.2,0.0
nyc,2024-01-27,18,8.2,0.0
nyc,2024-01-27,19,8.3,0.0
nyc,2024-01-27,20,8.6,0.0
nyc,2024-01-27,21,8.3,0.0
nyc,2024-01-27,22,7.6,0.0
nyc,2024-01-27,23,6.9,0.0
nyc,2024-01-28,0,6.3,0.0
nyc,2024-01-28,1,4.9,0.0
nyc,2024-01-28,2,3.7,0.0
nyc,2024-01-28,3,3.9,0.0
nyc,2024-01-28,4,3.9,0.0
nyc,2024-01-28,5,4.0,0.1
nyc,2024-01-28,6,3.9,0.1
nyc,2024-01-28,7,3.9,0.5
nyc,2024-01-28,8,3.7,1.2
nyc,2024-01-28,9,3.5,2.2
nyc,2024-01-28,10,3.4,2.2
nyc,2024-01-28,11,3.3,1.4
nyc,2024-01-28,12,3.4,2.8
nyc,2024-01-28,13,3.6,1.9
nyc,2024-01-28,14,3.5,3.3
nyc,2024-01-28,15,3.6,0.7
nyc,2024-01-28,16,4.1,0.1
nyc,2024-01-28,17,4.2,0.1
nyc,2024-01-28,18,3.7,0.6
nyc,2024-01-28,19,3.2,0.6
nyc,2024-01-28,20,3.2,0.6
nyc,2024-01-28,21,3.2,0.7
nyc,2024-01-28,22,3.0,1.0
nyc,2024-01-28,23,2.6,0.7
nyc,2024-01-29,0,2.5,0.2
nyc,2024-01-29,1,2.7,0.1
nyc,2024-01-29,2,2.5,0.1
nyc,2024-01-29,3,2.6,0.1
nyc,2024-01-29,4,2.3,0.0
nyc,2024-01-29,5,2.2,0.0
nyc,2024-01-29,6,2.2,0.0
nyc,2024-01-29,7,2.2,0.1
nyc,2024-01-29,8,2.1,0.2
nyc,2024-01-29,9,2.1,0.1
nyc,2024-01-29,10,2.3,0.0
nyc,2024-01-29,11,2.3,0.1
nyc,2024-01-29,12,2.3,0.0
nyc,2024-01-29,13,2.7,0.1
nyc,2024-01-29,14,3.0,0.0
nyc,2024-01-29,15,3.5,0.0
nyc,2024-01-29,16,4.0,0.1
nyc,2024-01-29,17,4.7,0.0
nyc,2024-01-29,18,5.5,0.0
nyc,2024-01-29,19,5.9,0.0
nyc,2024-01-29,20,5.6,0.0
nyc,2024-01-29,21,5.1,0.0
nyc,2024-01-29,22,3.7,0.0
nyc,2024-01-29,23,1.9,0.0
nyc,2024-01-30,0,0.8,0.0
nyc,2024-01-30,1,2.0,0.0
nyc,2024-01-30,2,1.7,0.0
nyc,2024-01-30,3,0.6,0.0
nyc,2024-01-30,4,-0.6,0.0
nyc,2024-01-30,5,-0.9,0.0
nyc,2024-01-30,6,-1.8,0.0
nyc,2024-01-30,7,-2.6,0.0
nyc,2024-01-30,8,-3.0,0.0
nyc,2024-01-30,9,-3.3,0.0
nyc,2024-01-30,10,-3.4,0.0
nyc,2024-01-30,11,-3.7,0.0
nyc,2024-01-30,12,-4.0,0.0
nyc,2024-01-30,13,-1.7,0.0
nyc,2024-01-30,14,0.0,0.0
nyc,2024-01-30,15,1.9,0.0
nyc,2024-01-30,16,3.3,0.0
nyc,2024-01-30,17,4.2,0.0
nyc,2024-01-30,18,4.3,0.0
nyc,2024-01-30,19,4.0,0.0
nyc,2024-01-30,20,3.4,0.0
nyc,2024-01-30,21,3.1,0.0
nyc,2024-01-30,22,2.3,0.0
nyc,2024-01-30,23,1.9,0.0
nyc,2024-01-31,0,1.7,0.0
nyc,2024-01-31,1,1.6,0.0
nyc,2024-01-31,2,1.6,0.0
nyc,2024-01-31,3,1.7,0.0
nyc,2024-01-31,4,1.7,0.0
nyc,2024-01-31,5,1.7,0.0
nyc,2024-01-31,6,1.5,0.1
nyc,2024-01-31,7,1.5,0.1
nyc,2024-01-31,8,1.5,0.0
nyc,2024-01-31,9,1.4,0.0
nyc,2024-01-31,10,1.3,0.0
nyc,2024-01-31,11,1.3,0.0
nyc,2024-01-31,12,1.2,0.0
nyc,2024-01-31,13,1.1,0.0
nyc,2024-01-31,14,1.8,0.0
nyc,2024-01-31,15,3.1,0.0
nyc,2024-01-31,16,4.3,0.0
nyc,2024-01-31,17,4.5,0.0
nyc,2024-01-31,18,4.3,0.0
nyc,2024-01-31,19,4.4,0.0
nyc,2024-01-31,20,4.2,0.0
nyc,2024-01-31,21,4.2,0.0
nyc,2024-01-31,22,3.6,0.0
nyc,2024-01-31,23,2.8,0.0
nyc,2024-03-01,0,-0.1,0.0
nyc,2024-03-01,1,0.1,0.0
nyc,2024-03-01,2,-1.1,0.0
nyc,2024-03-01,3,-1.8,0.0
nyc,2024-03-01,4,-2.2,0.0
nyc,2024-03-01,5,-2.7,0.0
nyc,2024-03-01,6,-3.4,0.0
nyc,2024-03-01,7,-4.1,0.0
nyc,2024-03-01,8,-4.4,0.0
nyc,2024-03-01,9,-4.2,0.0
nyc,2024-03-01,10,-3.6,0.0
nyc,2024-03-01,11,-3.8,0.0
nyc,2024-03-01,12,-3.6,0.0
nyc,2024-03-01,13,-0.7,0.0
nyc,2024-03-01,14,1.2,0.0
nyc,2024-03-01,15,2.9,0.0
nyc,2024-03-01,16,4.4,0.0
nyc,2024-03-01,17,5.4,0.0
nyc,2024-03-01,18,5.9,0.0
nyc,2024-03-01,19,5.6,0.0
nyc,2024-03-01,20,5.2,0.0
nyc,2024-03-01,21,5.0,0.0
nyc,2024-03-01,22,4.0,0.0
nyc,2024-03-01,23,2.6,0.0
nyc,2024-03-02,0,2.3,0.0
nyc,2024-03-02,1,2.7,0.0
nyc,2024-03-02,2,2.6,0.0
nyc,2024-03-02,3,2.2,0.0
nyc,2024-03-02,4,1.8,0.0
nyc,2024-03-02,5,2.2,0.0
nyc,2024-03-02,6,3.5,0.0
nyc,2024-03-02,7,3.7,0.0
nyc,2024-03-02,8,3.4,0.0
nyc,2024-03-02,9,3.4,0.1
nyc,2024-03-02,10,3.6,0.1
nyc,2024-03-02,11,3.9,0.1
nyc,2024-03-02,12,4.0,0.1
nyc,2024-03-02,13,5.5,0.5
nyc,2024-03-02,14,6.5,0.6
nyc,2024-03-02,15,7.6,0.6
nyc,2024-03-02,16,8.1,1.1
nyc,2024-03-02,17,8.8,2.1
nyc,2024-03-02,18,8.7,2.8
nyc,2024-03-02,19,8.9,3.0
nyc,2024-03-02,20,9.2,3.1
nyc,2024-03-02,21,9.8,4.2
nyc,2024-03-02,22,10.2,4.8
nyc,2024-03-02,23,9.8,3.9
nyc,2024-03-03,0,9.3,1.0
nyc,2024-03-03,1,9.5,0.0
nyc,2024-03-03,2,9.1,0.0
nyc,2024-03-03,3,9.0,0.0
nyc,2024-03-03,4,8.6,0.0
nyc,2024-03-03,5,8.4,0.0
nyc,2024-03-03,6,8.2,0.0
nyc,2024-03-03,7,7.4,0.0
nyc,2024-03-03,8,7.1,0.0
nyc,2024-03-03,9,7.0,0.0
nyc,2024-03-03,10,6.4,0.0
nyc,2024-03-03,11,6.0,0.0
nyc,2024-03-03,12,5.9,0.0
nyc,2024-03-03,13,8.4,0.0
nyc,2024-03-03,14,10.7,0.0
nyc,2024-03-03,15,13.0,0.0
nyc,2024-03-03,16,14.9,0.0
nyc,2024-03-03,17,16.4,0.0
nyc,2024-03-03,18,17.7,0.0
nyc,2024-03-03,19,18.5,0.0
nyc,2024-03-03,20,18.7,0.0
nyc,2024-03-03,21,18.3,0.0
nyc,2024-03-03,22,17.2,0.0
nyc,2024-03-03,23,16.6,0.0
nyc,2024-03-04,0,12.8,0.0
nyc,2024-03-04,1,11.7,0.0
nyc,2024-03-04,2,9.8,0.0
nyc,2024-03-04,3,9.0,0.0
nyc,2024-03-04,4,8.0,0.0
nyc,2024-03-04,5,7.2,0.0
nyc,2024-03-04,6,6.6,0.0
nyc,2024-03-04,7,5.6,0.0
nyc,2024-03-04,8,5.0,0.0
nyc,2024-03-04,9,4.6,0.0
nyc,2024-03-04,10,4.1,0.0
nyc,2024-03-04,11,3.7,0.0
nyc,2024-03-04,12,4.1,0.0
nyc,2024-03-04,13,8.0,0.0
nyc,2024-03-04,14,10.4,0.0
nyc,2024-03-04,15,12.7,0.0
nyc,2024-03-04,16,14.4,0.0
nyc,2024-03-04,17,14.3,0.0
nyc,2024-03-04,18,13.7,0.0
nyc,2024-03-04,19,13.3,0.0
nyc,2024-03-04,20,12.3,0.0
nyc,2024-03-04,21,10.9,0.0
nyc,2024-03-04,22,9.6,0.0
nyc,2024-03-04,23,8.1,0.0
nyc,2024-03-05,0,7.0,0.0
nyc,2024-03-05,1,5.3,0.0
nyc,2024-03-05,2,4.4,0.0
nyc,2024-03-05,3,3.9,0.0
nyc,2024-03-05,4,4.0,0.0
nyc,2024-03-05,5,5.9,0.0
nyc,2024-03-05,6,6.1,0.0
nyc,2024-03-05,7,6.1,0.0
nyc,2024-03-05,8,6.1,0.2
nyc,2024-03-05,9,6.2,0.1
nyc,2024-03-05,10,6.1,0.2
nyc,2024-03-05,11,5.9,1.0
nyc,2024-03-05,12,5.8,1.6
nyc,2024-03-05,13,5.3,2.9
nyc,2024-03-05,14,5.3,3.4
nyc,2024-03-05,15,5.6,1.2
nyc,2024-03-05,16,5.9,0.8
nyc,2024-03-05,17,6.3,0.5
nyc,2024-03-05,18,7.2,0.6
nyc,2024-03-05,19,7.4,1.2
nyc,2024-03-05,20,7.4,2.7
nyc,2024-03-05,21,8.1,2.7
nyc,2024-03-05,22,8.4,1.2
nyc,2024-03-05,23,7.9,0.0
nyc,2024-03-06,0,7.8,0.0
nyc,2024-03-06,1,7.4,0.0
nyc,2024-03-06,2,7.5,0.0
nyc,2024-03-06,3,7.3,0.0
nyc,2024-03-06,4,6.2,0.0
nyc,2024-03-06,5,5.2,0.0
nyc,2024-03-06,6,4.3,0.0
nyc,2024-03-06,7,3.8,0.0
nyc,2024-03-06,8,3.7,0.0
nyc,2024-03-06,9,4.4,0.0
nyc,2024-03-06,10,4.5,0.0
nyc,2024-03-06,11,4.6,0.0
nyc,2024-03-06,12,4.6,0.0
nyc,2024-03-06,13,7.2,0.0
nyc,2024-03-06,14,8.7,0.0
nyc,2024-03-06,15,9.6,0.0
nyc,2024-03-06,16,9.8,0.0
nyc,2024-03-06,17,9.5,0.0
nyc,2024-03-06,18,9.8,0.5
nyc,2024-03-06,19,9.7,1.5
nyc,2024-03-06,20,9.4,2.1
nyc,2024-03-06,21,9.5,1.4
nyc,2024-03-06,22,9.0,3.5
nyc,2024-03-06,23,7.9,5.6
nyc,2024-03-07,0,7.6,10.3
nyc,2024-03-07,1,7.5,4.4
nyc,2024-03-07,2,7.7,3.1
nyc,2024-03-07,3,7.9,0.8
nyc,2024-03-07,4,8.1,0.8
nyc,2024-03-07,5,8.3,0.6
nyc,2024-03-07,6,8.5,0.5
nyc,2024-03-07,7,9.0,0.2
nyc,2024-03-07,8,9.2,0.2
nyc,2024-03-07,9,8.7,0.4
nyc,2024-03-07,10,8.1,0.3
nyc,2024-03-07,11,7.8,0.4
nyc,2024-03-07,12,7.9,0.1
nyc,2024-03-07,13,9.3,0.0
nyc,2024-03-07,14,10.2,0.0
nyc,2024-03-07,15,10.3,0.0
nyc,2024-03-07,16,12.1,0.0
nyc,2024-03-07,17,12.2,0.0
nyc,2024-03-07,18,12.0,0.0
nyc,2024-03-07,19,12.2,0.0
nyc,2024-03-07,20,12.2,0.0
nyc,2024-03-07,21,12.7,0.0
nyc,2024-03-07,22,12.2,0.0
nyc,2024-03-07,23,11.1,0.0
nyc,2024-03-08,0,10.0,0.0
nyc,2024-03-08,1,8.3,0.0
nyc,2024-03-08,2,7.1,0.0
nyc,2024-03-08,3,5.9,0.0
nyc,2024-03-08,4,5.0,0.0
nyc,2024-03-08,5,4.4,0.0
nyc,2024-03-08,6,3.9,0.0
nyc,2024-03-08,7,3.3,0.0
nyc,2024-03-08,8,2.6,0.0
nyc,2024-03-08,9,1.9,0.0
nyc,2024-03-08,10,1.2,0.0
nyc,2024-03-08,11,0.8,0.0
nyc,2024-03-08,12,1.4,0.0
nyc,2024-03-08,13,3.9,0.0
nyc,2024-03-08,14,6.4,0.0
nyc,2024-03-08,15,8.0,0.0
nyc,2024-03-08,16,9.4,0.0
nyc,2024-03-08,17,10.6,0.0
nyc,2024-03-08,18,11.5,0.0
nyc,2024-03-08,19,12.3,0.0
nyc,2024-03-08,20,12.4,0.0
nyc,2024-03-08,21,11.4,0.0
nyc,2024-03-08,22,9.4,0.0
nyc,2024-03-08,23,6.6,0.0
nyc,2024-03-09,0,4.9,0.0
nyc,2024-03-09,1,4.7,0.0
nyc,2024-03-09,2,4.5,0.0
nyc,2024-03-09,3,4.6,0.0
nyc,2024-03-09,4,4.1,0.0
nyc,2024-03-09,5,4.2,0.0
nyc,2024-03-09,6,4.1,0.0
nyc,2024-03-09,7,3.9,0.0
nyc,2024-03-09,8,3.8,0.0
nyc,2024-03-09,9,3.8,0.0
nyc,2024-03-09,10,3.8,0.0
nyc,2024-03-09,11,4.0,0.0
nyc,2024-03-09,12,4.2,0.0
nyc,2024-03-09,13,4.9,0.0
nyc,2024-03-09,14,5.3,0.0
nyc,2024-03-09,15,5.6,0.0
nyc,2024-03-09,16,5.9,0.0
nyc,2024-03-09,17,5.6,0.1
nyc,2024-03-09,18,5.7,0.2
nyc,2024-03-09,19,5.8,0.1
nyc,2024-03-09,20,5.4,0.8
nyc,2024-03-09,21,5.7,1.1
nyc,2024-03-09,22,6.1,1.4
nyc,2024-03-09,23,6.3,2.5
nyc,2024-03-10,0,6.5,1.2
nyc,2024-03-10,1,7.1,5.3
nyc,2024-03-10,2,7.4,7.4
nyc,2024-03-10,3,8.0,8.6
nyc,2024-03-10,4,8.1,14.8
nyc,2024-03-10,5,9.5,4.9
nyc,2024-03-10,6,9.9,0.0
nyc,2024-03-10,7,9.6,0.0
nyc,2024-03-10,8,8.0,0.1
nyc,2024-03-10,9,6.7,0.0
nyc,2024-03-10,10,5.9,0.0
nyc,2024-03-10,11,5.7,0.2
nyc,2024-03-10,12,6.3,0.1
nyc,2024-03-10,13,7.9,0.0
nyc,2024-03-10,14,8.3,0.0
nyc,2024-03-10,15,8.5,0.0
nyc,2024-03-10,16,10.9,0.0
nyc,2024-03-10,17,10.8,0.0
nyc,2024-03-10,18,9.7,0.1
nyc,2024-03-10,19,8.8,0.2
nyc,2024-03-10,20,8.0,0.4
nyc,2024-03-10,21,6.8,0.1
nyc,2024-03-10,22,6.8,0.0
nyc,2024-03-10,23,5.8,0.0
nyc,2024-03-11,0,4.3,0.0
nyc,2024-03-11,1,3.6,0.0
nyc,2024-03-11,2,2.8,0.0
nyc,2024-03-11,3,2.2,0.0
nyc,2024-03-11,4,1.9,0.0
nyc,2024-03-11,5,1.9,0.0
nyc,2024-03-11,6,1.3,0.0
nyc,2024-03-11,7,1.6,0.0
nyc,2024-03-11,8,1.5,0.0
nyc,2024-03-11,9,1.2,0.0
nyc,2024-03-11,10,1.2,0.0
nyc,2024-03-11,11,1.0,0.0
nyc,2024-03-11,12,1.2,0.0
nyc,2024-03-11,13,4.1,0.0
nyc,2024-03-11,14,4.8,0.0
nyc,2024-03-11,15,5.2,0.0
nyc,2024-03-11,16,6.5,0.0
nyc,2024-03-11,17,8.4,0.0
nyc,2024-03-11,18,9.1,0.0
nyc,2024-03-11,19,9.8,0.0
nyc,2024-03-11,20,10.1,0.0
nyc,2024-03-11,21,9.9,0.0
nyc,2024-03-11,22,9.0,0.0
nyc,2024-03-11,23,7.3,0.0
nyc,2024-03-12,0,6.3,0.0
nyc,2024-03-12,1,6.3,0.0
nyc,2024-03-12,2,6.0,0.0
nyc,2024-03-12,3,5.7,0.0
nyc,2024-03-12,4,5.3,0.0
nyc,2024-03-12,5,4.6,0.0
nyc,2024-03-12,6,4.1,0.0
nyc,2024-03-12,7,3.1,0.0
nyc,2024-03-12,8,2.8,0.0
nyc,2024-03-12,9,2.6,0.0
nyc,2024-03-12,10,3.1,0.0
nyc,2024-03-12,11,3.5,0.0
nyc,2024-03-12,12,4.3,0.0
nyc,2024-03-12,13,8.0,0.0
nyc,2024-03-12,14,10.6,0.0
nyc,2024-03-12,15,12.6,0.0
nyc,2024-03-12,16,14.1,0.0
nyc,2024-03-12,17,15.3,0.0
nyc,2024-03-12,18,16.5,0.0
nyc,2024-03-12,19,17.2,0.0
nyc,2024-03-12,20,17.6,0.0
nyc,2024-03-12,21,17.4,0.0
nyc,2024-03-12,22,16.2,0.0
nyc,2024-03-12,23,10.7,0.0
nyc,2024-03-13,0,9.4,0.0
nyc,2024-03-13,1,9.9,0.0
nyc,2024-03-13,2,8.0,0.0
nyc,2024-03-13,3,6.2,0.0
nyc,2024-03-13,4,5.2,0.0
nyc,2024-03-13,5,5.4,0.0
nyc,2024-03-13,6,4.9,0.0
nyc,2024-03-13,7,4.1,0.0
nyc,2024-03-13,8,3.3,0.0
nyc,2024-03-13,9,2.8,0.0
nyc,2024-03-13,10,2.5,0.0
nyc,2024-03-13,11,2.6,0.0
nyc,2024-03-13,12,3.5,0.0
nyc,2024-03-13,13,7.6,0.0
nyc,2024-03-13,14,10.5,0.0
nyc,2024-03-13,15,13.1,0.0
nyc,2024-03-13,16,15.0,0.0
nyc,2024-03-13,17,15.4,0.0
nyc,2024-03-13,18,15.3,0.0
nyc,2024-03-13,19,15.2,0.0
nyc,2024-03-13,20,15.0,0.0
nyc,2024-03-13,21,13.6,0.0
nyc,2024-03-13,22,12.0,0.0
nyc,2024-03-13,23,10.0,0.0
nyc,2024-03-14,0,8.7,0.0
nyc,2024-03-14,1,7.5,0.0
nyc,2024-03-14,2,7.9,0.0
nyc,2024-03-14,3,9.0,0.0
nyc,2024-03-14,4,7.8,0.0
nyc,2024-03-14,5,6.6,0.0
nyc,2024-03-14,6,6.4,0.0
nyc,2024-03-14,7,5.1,0.0
nyc,2024-03-14,8,5.1,0.0
nyc,2024-03-14,9,4.8,0.0
nyc,2024-03-14,10,4.3,0.0
nyc,2024-03-14,11,4.0,0.0
nyc,2024-03-14,12,6.8,0.0
nyc,2024-03-14,13,9.8,0.0
nyc,2024-03-14,14,13.8,0.0
nyc,2024-03-14,15,16.8,0.0
nyc,2024-03-14,16,19.0,0.0
nyc,2024-03-14,17,20.2,0.0
nyc,2024-03-14,18,20.8,0.0
nyc,2024-03-14,19,21.3,0.0
nyc,2024-03-14,20,21.2,0.0
nyc,2024-03-14,21,18.7,0.0
nyc,2024-03-14,22,14.9,0.0
nyc,2024-03-14,23,12.3,0.0
nyc,2024-03-15,0,10.4,0.0
nyc,2024-03-15,1,10.3,0.0
nyc,2024-03-15,2,9.9,0.0
nyc,2024-03-15,3,9.3,0.0
nyc,2024-03-15,4,10.1,0.0
nyc,2024-03-15,5,11.7,0.0
nyc,2024-03-15,6,13.1,0.0
nyc,2024-03-15,7,13.7,0.0
nyc,2024-03-15,8,14.5,0.0
nyc,2024-03-15,9,13.2,0.0
nyc,2024-03-15,10,12.7,0.8
nyc,2024-03-15,11,11.9,0.0
nyc,2024-03-15,12,12.2,0.0
nyc,2024-03-15,13,15.1,0.0
nyc,2024-03-15,14,18.1,0.0
nyc,2024-03-15,15,18.5,0.0
nyc,2024-03-15,16,19.8,0.0
nyc,2024-03-15,17,21.7,0.0
nyc,2024-03-15,18,21.2,0.0
nyc,2024-03-15,19,21.0,0.0
nyc,2024-03-15,20,20.0,0.0
nyc,2024-03-15,21,18.4,0.0
nyc,2024-03-15,22,16.7,0.0
nyc,2024-03-15,23,14.6,0.0
nyc,2024-03-16,0,12.7,0.0
nyc,2024-03-16,1,10.4,0.0
nyc,2024-03-16,2,9.4,0.0
nyc,2024-03-16,3,8.3,0.0
nyc,2024-03-16,4,7.9,0.0
nyc,2024-03-16,5,7.1,0.0
nyc,2024-03-16,6,6.2,0.0
nyc,2024-03-16,7,6.4,0.0
nyc,2024-03-16,8,7.4,0.0
nyc,2024-03-16,9,6.2,0.0
nyc,2024-03-16,10,5.4,0.0
nyc,2024-03-16,11,4.8,0.0
nyc,2024-03-16,12,5.6,0.0
nyc,2024-03-16,13,7.9,0.0
nyc,2024-03-16,14,9.9,0.0
nyc,2024-03-16,15,11.4,0.0
nyc,2024-03-16,16,12.6,0.1
nyc,2024-03-16,17,13.2,0.0
nyc,2024-03-16,18,14.4,0.0
nyc,2024-03-16,19,14.2,0.0
nyc,2024-03-16,20,13.1,0.0
nyc,2024-03-16,21,12.7,0.0
nyc,2024-03-16,22,12.3,0.0
nyc,2024-03-16,23,10.6,0.0
nyc,2024-03-17,0,8.6,0.0
nyc,2024-03-17,1,9.7,0.0
nyc,2024-03-17,2,8.4,0.0
nyc,2024-03-17,3,8.1,0.0
nyc,2024-03-17,4,7.6,0.0
nyc,2024-03-17,5,7.3,0.0
nyc,2024-03-17,6,7.8,0.0
nyc,2024-03-17,7,8.3,0.3
nyc,2024-03-17,8,8.8,0.1
nyc,2024-03-17,9,9.4,0.0
nyc,2024-03-17,10,9.7,0.0
nyc,2024-03-17,11,9.3,0.0
nyc,2024-03-17,12,9.8,0.0
nyc,2024-03-17,13,10.7,0.0
nyc,2024-03-17,14,11.1,0.0
nyc,2024-03-17,15,12.8,0.0
nyc,2024-03-17,16,14.6,0.0
nyc,2024-03-17,17,15.2,0.0
nyc,2024-03-17,18,15.8,0.0
nyc,2024-03-17,19,15.4,0.0
nyc,2024-03-17,20,15.1,0.0
nyc,2024-03-17,21,14.3,0.0
nyc,2024-03-17,22,13.3,0.0
nyc,2024-03-17,23,11.4,0.0
nyc,2024-03-18,0,9.5,0.0
nyc,2024-03-18,1,9.4,0.0
nyc,2024-03-18,2,7.6,0.0
nyc,2024-03-18,3,7.9,0.0
nyc,2024-03-18,4,8.1,0.0
nyc,2024-03-18,5,7.5,0.0
nyc,2024-03-18,6,7.0,0.0
nyc,2024-03-18,7,6.4,0.0
nyc,2024-03-18,8,6.0,0.0
nyc,2024-03-18,9,6.0,0.0
nyc,2024-03-18,10,5.7,0.0
nyc,2024-03-18,11,4.9,0.0
nyc,2024-03-18,12,4.3,0.0
nyc,2024-03-18,13,6.1,0.0
nyc,2024-03-18,14,7.2,0.0
nyc,2024-03-18,15,8.2,0.0
nyc,2024-03-18,16,8.6,0.0
nyc,2024-03-18,17,8.7,0.0
nyc,2024-03-18,18,8.8,0.0
nyc,2024-03-18,19,9.0,0.0
nyc,2024-03-18,20,9.2,0.0
nyc,2024-03-18,21,8.8,0.0
nyc,2024-03-18,22,8.0,0.0
nyc,2024-03-18,23,7.0,0.0
nyc,2024-03-19,0,5.8,0.0
nyc,2024-03-19,1,4.2,0.0
nyc,2024-03-19,2,3.3,0.0
nyc,2024-03-19,3,2.4,0.0
nyc,2024-03-19,4,1.9,0.0
nyc,2024-03-19,5,1.5,0.0
nyc,2024-03-19,6,0.9,0.0
nyc,2024-03-19,7,0.5,0.0
nyc,2024-03-19,8,0.4,0.0
nyc,2024-03-19,9,0.5,0.0
nyc,2024-03-19,10,0.4,0.0
nyc,2024-03-19,11,0.3,0.0
nyc,2024-03-19,12,1.4,0.0
nyc,2024-03-19,13,2.4,0.0
nyc,2024-03-19,14,3.3,0.0
nyc,2024-03-19,15,4.8,0.0
nyc,2024-03-19,16,6.1,0.0
nyc,2024-03-19,17,6.7,0.0
nyc,2024-03-19,18,7.1,0.0
nyc,2024-03-19,19,7.5,0.0
nyc,2024-03-19,20,7.1,0.0
nyc,2024-03-19,21,6.7,0.0
nyc,2024-03-19,22,6.5,0.0
nyc,2024-03-19,23,5.9,0.0
nyc,2024-03-20,0,5.0,0.1
nyc,2024-03-20,1,4.2,0.1
nyc,2024-03-20,2,2.7,0.3
nyc,2024-03-20,3,2.7,0.0
nyc,2024-03-20,4,1.2,0.0
nyc,2024-03-20,5,1.2,0.0
nyc,2024-03-20,6,2.3,0.0
nyc,2024-03-20,7,3.2,0.0
nyc,2024-03-20,8,2.1,0.0
nyc,2024-03-20,9,2.6,0.0
nyc,2024-03-20,10,3.0,0.0
nyc,2024-03-20,11,2.3,0.0
nyc,2024-03-20,12,3.2,0.0
nyc,2024-03-20,13,6.3,0.0
nyc,2024-03-20,14,7.5,0.0
nyc,2024-03-20,15,8.9,0.0
nyc,2024-03-20,16,10.2,0.0
nyc,2024-03-20,17,10.6,0.8
nyc,2024-03-20,18,10.1,0.7
nyc,2024-03-20,19,11.8,0.0
nyc,2024-03-20,20,12.0,0.0
nyc,2024-03-20,21,11.0,0.3
nyc,2024-03-20,22,10.0,0.0
nyc,2024-03-20,23,7.7,1.0
nyc,2024-03-21,0,6.5,0.0
nyc,2024-03-21,1,4.2,0.0
nyc,2024-03-21,2,3.1,0.0
nyc,2024-03-21,3,1.4,0.0
nyc,2024-03-21,4,0.5,0.0
nyc,2024-03-21,5,-0.5,0.0
nyc,2024-03-21,6,-1.3,0.0
nyc,2024-03-21,7,-2.1,0.0
nyc,2024-03-21,8,-2.5,0.0
nyc,2024-03-21,9,-3.0,0.0
nyc,2024-03-21,10,-3.4,0.0
nyc,2024-03-21,11,-3.7,0.0
nyc,2024-03-21,12,-2.7,0.0
nyc,2024-03-21,13,-0.4,0.0
nyc,2024-03-21,14,0.7,0.0
nyc,2024-03-21,15,1.7,0.0
nyc,2024-03-21,16,2.7,0.0
nyc,2024-03-21,17,4.0,0.0
nyc,2024-03-21,18,5.4,0.0
nyc,2024-03-21,19,5.2,0.0
nyc,2024-03-21,20,5.6,0.0
nyc,2024-03-21,21,5.4,0.0
nyc,2024-03-21,22,4.7,0.0
nyc,2024-03-21,23,2.9,0.0
nyc,2024-03-22,0,1.6,0.0
nyc,2024-03-22,1,0.5,0.0
nyc,2024-03-22,2,-0.8,0.0
nyc,2024-03-22,3,-1.5,0.0
nyc,2024-03-22,4,-1.8,0.0
nyc,2024-03-22,5,-2.0,0.0
nyc,2024-03-22,6,-2.6,0.0
nyc,2024-03-22,7,-3.2,0.0
nyc,2024-03-22,8,-3.7,0.0
nyc,2024-03-22,9,-4.2,0.0
nyc,2024-03-22,10,-5.2,0.0
nyc,2024-03-22,11,-4.9,0.0
nyc,2024-03-22,12,-2.9,0.0
nyc,2024-03-22,13,-0.8,0.0
nyc,2024-03-22,14,0.5,0.0
nyc,2024-03-22,15,1.8,0.0
nyc,2024-03-22,16,3.2,0.0
nyc,2024-03-22,17,4.4,0.0
nyc,2024-03-22,18,5.4,0.0
nyc,2024-03-22,19,5.7,0.0
nyc,2024-03-22,20,5.3,0.0
nyc,2024-03-22,21,4.7,0.0
nyc,2024-03-22,22,3.8,0.0
nyc,2024-03-22,23,3.5,0.0
nyc,2024-03-23,0,3.7,0.0
nyc,2024-03-23,1,3.4,0.0
nyc,2024-03-23,2,3.6,0.0
nyc,2024-03-23,3,3.8,0.0
nyc,2024-03-23,4,3.7,0.0
nyc,2024-03-23,5,3.2,0.0
nyc,2024-03-23,6,3.1,0.0
nyc,2024-03-23,7,3.4,0.0
nyc,2024-03-23,8,3.9,0.8
nyc,2024-03-23,9,4.2,1.6
nyc,2024-03-23,10,4.9,2.4
nyc,2024-03-23,11,5.7,1.9
nyc,2024-03-23,12,7.2,3.8
nyc,2024-03-23,13,6.4,4.0
nyc,2024-03-23,14,7.7,4.9
nyc,2024-03-23,15,8.9,5.3
nyc,2024-03-23,16,10.0,3.4
nyc,2024-03-23,17,9.9,4.7
nyc,2024-03-23,18,9.5,8.1
nyc,2024-03-23,19,8.9,12.7
nyc,2024-03-23,20,8.2,8.4
nyc,2024-03-23,21,6.4,1.3
nyc,2024-03-23,22,6.2,0.3
nyc,2024-03-23,23,5.6,0.0
nyc,2024-03-24,0,4.9,0.0
nyc,2024-03-24,1,3.6,0.0
nyc,2024-03-24,2,2.1,0.0
nyc,2024-03-24,3,1.1,0.0
nyc,2024-03-24,4,0.3,0.0
nyc,2024-03-24,5,-0.4,0.0
nyc,2024-03-24,6,-0.7,0.0
nyc,2024-03-24,7,-1.1,0.0
nyc,2024-03-24,8,-1.4,0.0
nyc,2024-03-24,9,-1.8,0.0
nyc,2024-03-24,10,-2.1,0.0
nyc,2024-03-24,11,-2.4,0.0
nyc,2024-03-24,12,-1.6,0.0
nyc,2024-03-24,13,1.0,0.0
nyc,2024-03-24,14,2.3,0.0
nyc,2024-03-24,15,3.5,0.0
nyc,2024-03-24,16,4.9,0.0
nyc,2024-03-24,17,6.1,0.0
nyc,2024-03-24,18,7.2,0.0
nyc,2024-03-24,19,8.4,0.0
nyc,2024-03-24,20,8.4,0.0
nyc,2024-03-24,21,8.6,0.0
nyc,2024-03-24,22,7.8,0.0
nyc,2024-03-24,23,5.7,0.0
nyc,2024-03-25,0,4.2,0.0
nyc,2024-03-25,1,3.1,0.0
nyc,2024-03-25,2,2.0,0.0
nyc,2024-03-25,3,1.1,0.0
nyc,2024-03-25,4,0.4,0.0
nyc,2024-03-25,5,-0.2,0.0
nyc,2024-03-25,6,-0.7,0.0
nyc,2024-03-25,7,-1.0,0.0
nyc,2024-03-25,8,-1.2,0.0
nyc,2024-03-25,9,-1.4,0.0
nyc,2024-03-25,10,-1.5,0.0
nyc,2024-03-25,11,-1.4,0.0
nyc,2024-03-25,12,0.3,0.0
nyc,2024-03-25,13,2.5,0.0
nyc,2024-03-25,14,4.3,0.0
nyc,2024-03-25,15,5.8,0.0
nyc,2024-03-25,16,7.2,0.0
nyc,2024-03-25,17,8.5,0.0
nyc,2024-03-25,18,9.5,0.0
nyc,2024-03-25,19,10.1,0.0
nyc,2024-03-25,20,10.2,0.0
nyc,2024-03-25,21,10.0,0.0
nyc,2024-03-25,22,9.3,0.0
nyc,2024-03-25,23,7.2,0.0
nyc,2024-03-26,0,5.6,0.0
nyc,2024-03-26,1,5.1,0.0
nyc,2024-03-26,2,4.5,0.0
nyc,2024-03-26,3,4.2,0.0
nyc,2024-03-26,4,3.3,0.0
nyc,2024-03-26,5,2.2,0.0
nyc,2024-03-26,6,1.5,0.0
nyc,2024-03-26,7,0.9,0.0
nyc,2024-03-26,8,0.5,0.0
nyc,2024-03-26,9,0.3,0.0
nyc,2024-03-26,10,0.1,0.0
nyc,2024-03-26,11,0.3,0.0
nyc,2024-03-26,12,2.0,0.0
nyc,2024-03-26,13,4.8,0.0
nyc,2024-03-26,14,6.9,0.0
nyc,2024-03-26,15,8.7,0.0
nyc,2024-03-26,16,9.2,0.0
nyc,2024-03-26,17,9.6,0.0
nyc,2024-03-26,18,9.9,0.0
nyc,2024-03-26,19,9.7,0.0
nyc,2024-03-26,20,9.7,0.0
nyc,2024-03-26,21,10.0,0.0
nyc,2024-03-26,22,9.7,0.0
nyc,2024-03-26,23,9.0,0.0
nyc,2024-03-27,0,8.4,0.0
nyc,2024-03-27,1,6.3,0.0
nyc,2024-03-27,2,6.2,0.0
nyc,2024-03-27,3,6.0,0.0
nyc,2024-03-27,4,6.0,0.0
nyc,2024-03-27,5,5.8,0.0
nyc,2024-03-27,6,5.3,0.0
nyc,2024-03-27,7,4.9,0.0
nyc,2024-03-27,8,4.9,0.0
nyc,2024-03-27,9,4.8,0.0
nyc,2024-03-27,10,4.9,0.0
nyc,2024-03-27,11,5.1,0.0
nyc,2024-03-27,12,5.6,0.0
nyc,2024-03-27,13,5.9,0.0
nyc,2024-03-27,14,6.5,0.0
nyc,2024-03-27,15,7.2,0.0
nyc,2024-03-27,16,8.4,0.0
nyc,2024-03-27,17,8.8,0.0
nyc,2024-03-27,18,9.7,0.0
nyc,2024-03-27,19,10.1,0.0
nyc,2024-03-27,20,10.5,0.0
nyc,2024-03-27,21,10.9,0.0
nyc,2024-03-27,22,10.6,0.0
nyc,2024-03-27,23,10.0,0.6
nyc,2024-03-28,0,9.7,0.0
nyc,2024-03-28,1,7.4,0.0
nyc,2024-03-28,2,8.1,0.0
nyc,2024-03-28,3,8.2,0.0
nyc,2024-03-28,4,8.0,0.4
nyc,2024-03-28,5,7.9,2.0
nyc,2024-03-28,6,7.8,1.5
nyc,2024-03-28,7,7.8,0.9
nyc,2024-03-28,8,7.7,1.1
nyc,2024-03-28,9,7.6,2.3
nyc,2024-03-28,10,7.5,2.8
nyc,2024-03-28,11,7.3,1.9
nyc,2024-03-28,12,7.5,0.7
nyc,2024-03-28,13,9.1,0.3
nyc,2024-03-28,14,9.2,0.8
nyc,2024-03-28,15,9.7,0.6
nyc,2024-03-28,16,9.8,0.5
nyc,2024-03-28,17,9.6,0.7
nyc,2024-03-28,18,9.5,0.8
nyc,2024-03-28,19,10.7,0.5
nyc,2024-03-28,20,10.3,0.2
nyc,2024-03-28,21,9.8,0.5
nyc,2024-03-28,22,9.5,0.4
nyc,2024-03-28,23,8.9,0.6
nyc,2024-03-29,0,8.2,0.5
nyc,2024-03-29,1,7.2,0.7
nyc,2024-03-29,2,7.2,0.4
nyc,2024-03-29,3,6.5,0.4
nyc,2024-03-29,4,5.5,0.3
nyc,2024-03-29,5,4.9,0.1
nyc,2024-03-29,6,4.9,0.0
nyc,2024-03-29,7,5.5,0.0
nyc,2024-03-29,8,5.6,0.0
nyc,2024-03-29,9,5.2,0.0
nyc,2024-03-29,10,4.5,0.0
nyc,2024-03-29,11,4.0,0.0
nyc,2024-03-29,12,4.3,0.0
nyc,2024-03-29,13,6.7,0.0
nyc,2024-03-29,14,8.3,0.0
nyc,2024-03-29,15,9.9,0.0
nyc,2024-03-29,16,10.8,0.0
nyc,2024-03-29,17,11.4,0.0
nyc,2024-03-29,18,12.3,0.0
nyc,2024-03-29,19,12.7,0.0
nyc,2024-03-29,20,12.0,0.0
nyc,2024-03-29,21,11.2,0.0
nyc,2024-03-29,22,10.0,0.0
nyc,2024-03-29,23,8.1,0.0
nyc,2024-03-30,0,6.7,0.0
nyc,2024-03-30,1,5.6,0.0
nyc,2024-03-30,2,4.7,0.0
nyc,2024-03-30,3,4.1,0.0
nyc,2024-03-30,4,3.6,0.0
nyc,2024-03-30,5,3.2,0.0
nyc,2024-03-30,6,3.1,0.0
nyc,2024-03-30,7,3.3,0.0
nyc,2024-03-30,8,3.3,0.0
nyc,2024-03-30,9,3.5,0.0
nyc,2024-03-30,10,3.1,0.0
nyc,2024-03-30,11,2.4,0.0
nyc,2024-03-30,12,3.4,0.0
nyc,2024-03-30,13,5.8,0.0
nyc,2024-03-30,14,6.9,0.0
nyc,2024-03-30,15,8.5,0.0
nyc,2024-03-30,16,10.3,0.0
nyc,2024-03-30,17,12.0,0.0
nyc,2024-03-30,18,13.4,0.0
nyc,2024-03-30,19,14.4,0.0
nyc,2024-03-30,20,14.6,0.0
nyc,2024-03-30,21,13.8,0.0
nyc,2024-03-30,22,13.0,0.0
nyc,2024-03-30,23,12.2,0.0
nyc,2024-03-31,0,11.4,0.0
nyc,2024-03-31,1,11.0,0.0
nyc,2024-03-31,2,9.8,0.1
nyc,2024-03-31,3,9.2,0.0
nyc,2024-03-31,4,8.8,0.0
nyc,2024-03-31,5,8.7,0.0
nyc,2024-03-31,6,8.6,0.2
nyc,2024-03-31,7,8.5,0.0
nyc,2024-03-31,8,7.4,0.0
nyc,2024-03-31,9,6.0,0.0
nyc,2024-03-31,10,5.0,0.0
nyc,2024-03-31,11,4.5,0.0
nyc,2024-03-31,12,6.0,0.0
nyc,2024-03-31,13,9.5,0.0
nyc,2024-03-31,14,11.3,0.0
nyc,2024-03-31,15,12.0,0.0
nyc,2024-03-31,16,13.3,0.0
nyc,2024-03-31,17,15.2,0.0
nyc,2024-03-31,18,15.3,0.0
nyc,2024-03-31,19,16.0,0.0
nyc,2024-03-31,20,16.3,0.0
nyc,2024-03-31,21,15.9,0.0
nyc,2024-03-31,22,14.9,0.0
nyc,2024-03-31,23,12.1,0.0
nyc,2024-06-01,0,19.8,0.0
nyc,2024-06-01,1,18.2,0.0
nyc,2024-06-01,2,17.2,0.0
nyc,2024-06-01,3,17.2,0.0
nyc,2024-06-01,4,15.9,0.0
nyc,2024-06-01,5,14.4,0.0
nyc,2024-06-01,6,13.7,0.0
nyc,2024-06-01,7,13.2,0.0
nyc,2024-06-01,8,13.3,0.0
nyc,2024-06-01,9,13.7,0.0
nyc,2024-06-01,10,14.3,0.0
nyc,2024-06-01,11,16.3,0.0
nyc,2024-06-01,12,18.5,0.0
nyc,2024-06-01,13,20.5,0.0
nyc,2024-06-01,14,22.4,0.0
nyc,2024-06-01,15,24.2,0.0
nyc,2024-06-01,16,25.7,0.0
nyc,2024-06-01,17,26.9,0.0
nyc,2024-06-01,18,27.5,0.0
nyc,2024-06-01,19,28.0,0.0
nyc,2024-06-01,20,28.2,0.0
nyc,2024-06-01,21,28.1,0.0
nyc,2024-06-01,22,27.6,0.0
nyc,2024-06-01,23,25.2,0.0
nyc,2024-06-02,0,22.1,0.0
nyc,2024-06-02,1,20.8,0.0
nyc,2024-06-02,2,20.0,0.0
nyc,2024-06-02,3,19.1,0.0
nyc,2024-06-02,4,17.5,0.0
nyc,2024-06-02,5,15.7,0.0
nyc,2024-06-02,6,15.6,0.0
nyc,2024-06-02,7,15.2,0.0
nyc,2024-06-02,8,14.8,0.0
nyc,2024-06-02,9,14.3,0.0
nyc,2024-06-02,10,14.6,0.0
nyc,2024-06-02,11,16.4,0.0
nyc,2024-06-02,12,18.5,0.0
nyc,2024-06-02,13,20.7,0.0
nyc,2024-06-02,14,23.0,0.0
nyc,2024-06-02,15,25.4,0.0
nyc,2024-06-02,16,26.9,0.0
nyc,2024-06-02,17,27.2,0.0
nyc,2024-06-02,18,27.3,0.0
nyc,2024-06-02,19,26.4,0.0
nyc,2024-06-02,20,25.7,0.0
nyc,2024-06-02,21,25.3,0.0
nyc,2024-06-02,22,25.6,0.0
nyc,2024-06-02,23,25.3,0.0
nyc,2024-06-03,0,22.9,0.0
nyc,2024-06-03,1,21.6,0.0
nyc,2024-06-03,2,20.7,0.0
nyc,2024-06-03,3,19.9,0.0
nyc,2024-06-03,4,20.6,0.0
nyc,2024-06-03,5,19.7,0.0
nyc,2024-06-03,6,18.5,0.0
nyc,2024-06-03,7,18.6,0.0
nyc,2024-06-03,8,18.3,0.0
nyc,2024-06-03,9,17.8,0.0
nyc,2024-06-03,10,17.6,0.0
nyc,2024-06-03,11,19.0,0.0
nyc,2024-06-03,12,21.2,0.0
nyc,2024-06-03,13,24.1,0.0
nyc,2024-06-03,14,25.8,0.0
nyc,2024-06-03,15,27.1,0.0
nyc,2024-06-03,16,28.2,0.0
nyc,2024-06-03,17,29.2,0.0
nyc,2024-06-03,18,30.0,0.0
nyc,2024-06-03,19,30.1,0.0
nyc,2024-06-03,20,29.6,0.0
nyc,2024-06-03,21,28.2,0.1
nyc,2024-06-03,22,27.0,0.1
nyc,2024-06-03,23,26.2,0.0
nyc,2024-06-04,0,24.3,0.0
nyc,2024-06-04,1,22.6,0.0
nyc,2024-06-04,2,22.3,0.0
nyc,2024-06-04,3,22.5,0.0
nyc,2024-06-04,4,19.5,0.0
nyc,2024-06-04,5,18.3,0.0
nyc,2024-06-04,6,17.7,0.0
nyc,2024-06-04,7,18.5,0.0
nyc,2024-06-04,8,17.2,0.0
nyc,2024-06-04,9,16.5,0.0
nyc,2024-06-04,10,16.7,0.0
nyc,2024-06-04,11,18.9,0.0
nyc,2024-06-04,12,21.1,0.0
nyc,2024-06-04,13,23.1,0.0
nyc,2024-06-04,14,24.1,0.0
nyc,2024-06-04,15,24.6,0.0
nyc,2024-06-04,16,24.9,0.0
nyc,2024-06-04,17,25.4,0.0
nyc,2024-06-04,18,25.7,0.0
nyc,2024-06-04,19,25.7,0.0
nyc,2024-06-04,20,25.0,0.0
nyc,2024-06-04,21,23.8,0.0
nyc,2024-06-04,22,22.1,0.0
nyc,2024-06-04,23,20.4,0.0
nyc,2024-06-05,0,18.9,0.0
nyc,2024-06-05,1,17.9,0.0
nyc,2024-06-05,2,17.1,0.0
nyc,2024-06-05,3,16.6,0.0
nyc,2024-06-05,4,16.0,0.0
nyc,2024-06-05,5,15.3,0.0
nyc,2024-06-05,6,15.3,0.0
nyc,2024-06-05,7,14.7,0.0
nyc,2024-06-05,8,16.1,0.0
nyc,2024-06-05,9,16.0,0.0
nyc,2024-06-05,10,15.7,0.0
nyc,2024-06-05,11,17.2,0.0
nyc,2024-06-05,12,18.0,0.0
nyc,2024-06-05,13,20.2,0.0
nyc,2024-06-05,14,21.0,0.0
nyc,2024-06-05,15,22.4,0.1
nyc,2024-06-05,16,24.7,0.0
nyc,2024-06-05,17,26.1,0.0
nyc,2024-06-05,18,26.3,0.0
nyc,2024-06-05,19,25.0,0.0
nyc,2024-06-05,20,24.7,0.1
nyc,2024-06-05,21,24.0,0.0
nyc,2024-06-05,22,23.4,0.0
nyc,2024-06-05,23,23.1,0.0
nyc,2024-06-06,0,21.5,0.0
nyc,2024-06-06,1,20.7,5.2
nyc,2024-06-06,2,20.5,0.5
nyc,2024-06-06,3,20.2,0.7
nyc,2024-06-06,4,20.0,0.2
nyc,2024-06-06,5,19.6,0.2
nyc,2024-06-06,6,19.4,3.3
nyc,2024-06-06,7,19.5,2.9
nyc,2024-06-06,8,20.2,11.5
nyc,2024-06-06,9,20.2,0.6
nyc,2024-06-06,10,19.7,0.0
nyc,2024-06-06,11,20.3,0.0
nyc,2024-06-06,12,21.6,0.0
nyc,2024-06-06,13,24.1,0.7
nyc,2024-06-06,14,25.4,0.1
nyc,2024-06-06,15,27.0,0.1
nyc,2024-06-06,16,27.8,0.1
nyc,2024-06-06,17,27.1,0.3
nyc,2024-06-06,18,24.9,3.0
nyc,2024-06-06,19,25.9,3.8
nyc,2024-06-06,20,24.3,12.5
nyc,2024-06-06,21,24.3,1.2
nyc,2024-06-06,22,25.5,0.0
nyc,2024-06-06,23,25.8,0.0
nyc,2024-06-07,0,25.1,0.0
nyc,2024-06-07,1,23.3,0.0
nyc,2024-06-07,2,22.4,0.0
nyc,2024-06-07,3,22.9,0.0
nyc,2024-06-07,4,21.5,0.2
nyc,2024-06-07,5,21.1,0.3
nyc,2024-06-07,6,19.9,0.0
nyc,2024-06-07,7,19.1,0.0
nyc,2024-06-07,8,18.6,0.0
nyc,2024-06-07,9,17.6,0.0
nyc,2024-06-07,10,17.6,0.0
nyc,2024-06-07,11,19.5,0.0
nyc,2024-06-07,12,20.2,0.0
nyc,2024-06-07,13,23.2,0.0
nyc,2024-06-07,14,25.3,0.0
nyc,2024-06-07,15,26.5,0.0
nyc,2024-06-07,16,27.4,0.0
nyc,2024-06-07,17,27.6,0.0
nyc,2024-06-07,18,27.5,0.0
nyc,2024-06-07,19,28.6,0.0
nyc,2024-06-07,20,28.5,0.0
nyc,2024-06-07,21,27.8,0.0
nyc,2024-06-07,22,27.2,0.0
nyc,2024-06-07,23,25.9,0.0
nyc,2024-06-08,0,23.7,0.0
nyc,2024-06-08,1,21.1,0.0
nyc,2024-06-08,2,19.9,0.0
nyc,2024-06-08,3,18.7,0.0
nyc,2024-06-08,4,17.2,0.0
nyc,2024-06-08,5,15.9,0.0
nyc,2024-06-08,6,15.9,0.0
nyc,2024-06-08,7,15.9,0.0
nyc,2024-06-08,8,15.7,0.0
nyc,2024-06-08,9,15.5,0.0
nyc,2024-06-08,10,15.7,0.0
nyc,2024-06-08,11,17.2,0.0
nyc,2024-06-08,12,18.8,0.0
nyc,2024-06-08,13,21.2,0.0
nyc,2024-06-08,14,22.4,0.0
nyc,2024-06-08,15,24.1,0.0
nyc,2024-06-08,16,23.4,0.0
nyc,2024-06-08,17,24.4,0.0
nyc,2024-06-08,18,24.3,0.0
nyc,2024-06-08,19,25.1,0.0
nyc,2024-06-08,20,25.1,0.0
nyc,2024-06-08,21,25.3,0.0
nyc,2024-06-08,22,24.9,0.0
nyc,2024-06-08,23,24.2,0.0
nyc,2024-06-09,0,21.0,0.0
nyc,2024-06-09,1,20.5,0.0
nyc,2024-06-09,2,18.9,0.0
nyc,2024-06-09,3,18.1,0.0
nyc,2024-06-09,4,17.5,0.0
nyc,2024-06-09,5,16.6,0.0
nyc,2024-06-09,6,15.1,0.0
nyc,2024-06-09,7,16.1,0.0
nyc,2024-06-09,8,14.6,0.0
nyc,2024-06-09,9,15.7,0.0
nyc,2024-06-09,10,16.3,0.0
nyc,2024-06-09,11,18.9,0.0
nyc,2024-06-09,12,19.8,0.0
nyc,2024-06-09,13,22.6,0.0
nyc,2024-06-09,14,23.1,0.1
nyc,2024-06-09,15,24.1,0.0
nyc,2024-06-09,16,23.2,0.0
nyc,2024-06-09,17,24.3,0.0
nyc,2024-06-09,18,23.8,0.0
nyc,2024-06-09,19,24.9,0.0
nyc,2024-06-09,20,25.4,0.0
nyc,2024-06-09,21,24.9,0.0
nyc,2024-06-09,22,25.0,0.0
nyc,2024-06-09,23,23.7,0.0
nyc,2024-06-10,0,21.3,0.0
nyc,2024-06-10,1,19.3,0.0
nyc,2024-06-10,2,18.3,0.0
nyc,2024-06-10,3,16.2,0.0
nyc,2024-06-10,4,15.5,0.0
nyc,2024-06-10,5,16.4,0.0
nyc,2024-06-10,6,17.1,0.0
nyc,2024-06-10,7,16.5,0.0
nyc,2024-06-10,8,15.9,0.0
nyc,2024-06-10,9,15.1,0.0
nyc,2024-06-10,10,14.7,0.0
nyc,2024-06-10,11,16.1,0.0
nyc,2024-06-10,12,17.7,0.0
nyc,2024-06-10,13,19.0,0.0
nyc,2024-06-10,14,20.6,0.0
nyc,2024-06-10,15,21.5,0.0
nyc,2024-06-10,16,21.7,0.0
nyc,2024-06-10,17,21.9,0.0
nyc,2024-06-10,18,23.2,0.0
nyc,2024-06-10,19,23.4,0.0
nyc,2024-06-10,20,24.2,0.0
nyc,2024-06-10,21,24.5,0.0
nyc,2024-06-10,22,24.0,0.0
nyc,2024-06-10,23,22.6,0.0
nyc,2024-06-11,0,20.9,0.0
nyc,2024-06-11,1,19.2,0.0
nyc,2024-06-11,2,18.6,0.0
nyc,2024-06-11,3,17.3,0.0
nyc,2024-06-11,4,16.1,0.0
nyc,2024-06-11,5,15.6,0.0
nyc,2024-06-11,6,15.9,0.0
nyc,2024-06-11,7,16.0,0.0
nyc,2024-06-11,8,15.4,0.0
nyc,2024-06-11,9,13.9,0.0
nyc,2024-06-11,10,14.3,0.0
nyc,2024-06-11,11,15.4,0.0
nyc,2024-06-11,12,17.0,0.0
nyc,2024-06-11,13,18.9,0.0
nyc,2024-06-11,14,20.1,0.0
nyc,2024-06-11,15,21.2,0.0
nyc,2024-06-11,16,21.7,0.0
nyc,2024-06-11,17,21.8,0.0
nyc,2024-06-11,18,22.7,0.0
nyc,2024-06-11,19,23.4,0.1
nyc,2024-06-11,20,23.3,0.2
nyc,2024-06-11,21,23.2,0.3
nyc,2024-06-11,22,22.3,0.3
nyc,2024-06-11,23,20.9,0.2
nyc,2024-06-12,0,20.1,0.0
nyc,2024-06-12,1,19.0,0.0
nyc,2024-06-12,2,18.2,0.0
nyc,2024-06-12,3,17.4,0.0
nyc,2024-06-12,4,17.6,0.0
nyc,2024-06-12,5,17.0,0.0
nyc,2024-06-12,6,16.3,0.0
nyc,2024-06-12,7,15.6,0.0
nyc,2024-06-12,8,15.1,0.0
nyc,2024-06-12,9,14.5,0.0
nyc,2024-06-12,10,14.5,0.0
nyc,2024-06-12,11,16.3,0.0
nyc,2024-06-12,12,18.1,0.0
nyc,2024-06-12,13,20.6,0.0
nyc,2024-06-12,14,22.1,0.0
nyc,2024-06-12,15,22.8,0.0
nyc,2024-06-12,16,23.2,0.0
nyc,2024-06-12,17,24.0,0.0
nyc,2024-06-12,18,24.9,0.0
nyc,2024-06-12,19,25.8,0.0
nyc,2024-06-12,20,25.5,0.0
nyc,2024-06-12,21,24.1,0.0
nyc,2024-06-12,22,22.2,0.0
nyc,2024-06-12,23,20.8,0.0
nyc,2024-06-13,0,20.2,0.0
nyc,2024-06-13,1,20.0,0.0
nyc,2024-06-13,2,19.1,0.0
nyc,2024-06-13,3,18.0,0.0
nyc,2024-06-13,4,16.8,0.0
nyc,2024-06-13,5,15.8,0.0
nyc,2024-06-13,6,15.4,0.0
nyc,2024-06-13,7,14.8,0.0
nyc,2024-06-13,8,14.4,0.0
nyc,2024-06-13,9,14.0,0.0
nyc,2024-06-13,10,14.7,0.0
nyc,2024-06-13,11,16.9,0.0
nyc,2024-06-13,12,19.9,0.0
nyc,2024-06-13,13,23.0,0.0
nyc,2024-06-13,14,25.3,0.0
nyc,2024-06-13,15,27.0,0.0
nyc,2024-06-13,16,28.5,0.0
nyc,2024-06-13,17,29.1,0.0
nyc,2024-06-13,18,28.1,0.0
nyc,2024-06-13,19,26.9,0.0
nyc,2024-06-13,20,26.7,0.0
nyc,2024-06-13,21,26.3,0.0
nyc,2024-06-13,22,25.5,0.0
nyc,2024-06-13,23,23.8,0.0
nyc,2024-06-14,0,23.5,0.0
nyc,2024-06-14,1,23.4,0.0
nyc,2024-06-14,2,22.8,0.0
nyc,2024-06-14,3,22.0,0.0
nyc,2024-06-14,4,21.3,0.0
nyc,2024-06-14,5,20.9,0.0
nyc,2024-06-14,6,20.6,0.0
nyc,2024-06-14,7,20.0,0.0
nyc,2024-06-14,8,19.8,0.0
nyc,2024-06-14,9,19.5,0.0
nyc,2024-06-14,10,19.5,0.0
nyc,2024-06-14,11,21.0,0.0
nyc,2024-06-14,12,22.8,0.0
nyc,2024-06-14,13,25.1,0.0
nyc,2024-06-14,14,26.7,0.0
nyc,2024-06-14,15,28.3,0.0
nyc,2024-06-14,16,29.6,0.0
nyc,2024-06-14,17,29.7,0.0
nyc,2024-06-14,18,25.5,8.0
nyc,2024-06-14,19,23.8,5.6
nyc,2024-06-14,20,24.2,0.5
nyc,2024-06-14,21,25.7,0.0
nyc,2024-06-14,22,25.3,0.0
nyc,2024-06-14,23,23.5,0.8
nyc,2024-06-15,0,21.6,2.7
nyc,2024-06-15,1,20.8,1.1
nyc,2024-06-15,2,21.2,0.2
nyc,2024-06-15,3,20.6,0.0
nyc,2024-06-15,4,19.2,0.0
nyc,2024-06-15,5,19.9,0.0
nyc,2024-06-15,6,19.1,0.0
nyc,2024-06-15,7,19.4,0.0
nyc,2024-06-15,8,18.4,0.0
nyc,2024-06-15,9,17.5,0.0
nyc,2024-06-15,10,17.1,0.0
nyc,2024-06-15,11,18.0,0.0
nyc,2024-06-15,12,19.4,0.0
nyc,2024-06-15,13,21.2,0.0
nyc,2024-06-15,14,22.9,0.0
nyc,2024-06-15,15,24.1,0.0
nyc,2024-06-15,16,24.7,0.0
nyc,2024-06-15,17,25.6,0.0
nyc,2024-06-15,18,26.6,0.0
nyc,2024-06-15,19,27.1,0.0
nyc,2024-06-15,20,27.4,0.0
nyc,2024-06-15,21,27.0,0.0
nyc,2024-06-15,22,26.1,0.0
nyc,2024-06-15,23,25.0,0.0
nyc,2024-06-16,0,22.1,0.0
nyc,2024-06-16,1,19.8,0.0
nyc,2024-06-16,2,18.7,0.0
nyc,2024-06-16,3,18.1,0.0
nyc,2024-06-16,4,17.8,0.0
nyc,2024-06-16,5,17.4,0.0
nyc,2024-06-16,6,16.2,0.0
nyc,2024-06-16,7,15.8,0.0
nyc,2024-06-16,8,15.4,0.0
nyc,2024-06-16,9,14.8,0.0
nyc,2024-06-16,10,14.5,0.0
nyc,2024-06-16,11,15.6,0.0
nyc,2024-06-16,12,17.3,0.0
nyc,2024-06-16,13,19.3,0.0
nyc,2024-06-16,14,21.0,0.0
nyc,2024-06-16,15,22.2,0.0
nyc,2024-06-16,16,23.4,0.0
nyc,2024-06-16,17,24.1,0.0
nyc,2024-06-16,18,23.8,0.0
nyc,2024-06-16,19,23.3,0.0
nyc,2024-06-16,20,23.1,0.0
nyc,2024-06-16,21,22.4,0.0
nyc,2024-06-16,22,21.4,0.0
nyc,2024-06-16,23,20.4,0.0
nyc,2024-06-17,0,19.2,0.0
nyc,2024-06-17,1,18.0,0.0
nyc,2024-06-17,2,17.6,0.0
nyc,2024-06-17,3,17.1,0.0
nyc,2024-06-17,4,16.9,0.0
nyc,2024-06-17,5,16.8,0.0
nyc,2024-06-17,6,16.8,0.0
nyc,2024-06-17,7,16.6,0.0
nyc,2024-06-17,8,16.1,0.0
nyc,2024-06-17,9,16.3,0.0
nyc,2024-06-17,10,16.7,0.0
nyc,2024-06-17,11,18.6,0.0
nyc,2024-06-17,12,20.5,0.0
nyc,2024-06-17,13,22.7,0.0
nyc,2024-06-17,14,24.5,0.0
nyc,2024-06-17,15,26.2,0.0
nyc,2024-06-17,16,27.8,0.0
nyc,2024-06-17,17,29.1,0.0
nyc,2024-06-17,18,29.6,0.0
nyc,2024-06-17,19,28.7,0.0
nyc,2024-06-17,20,27.5,0.0
nyc,2024-06-17,21,27.4,0.0
nyc,2024-06-17,22,27.4,0.0
nyc,2024-06-17,23,26.0,0.0
nyc,2024-06-18,0,25.1,0.0
nyc,2024-06-18,1,24.3,0.0
nyc,2024-06-18,2,23.6,0.0
nyc,2024-06-18,3,23.0,0.0
nyc,2024-06-18,4,22.2,0.0
nyc,2024-06-18,5,21.5,0.0
nyc,2024-06-18,6,21.1,0.0
nyc,2024-06-18,7,20.9,0.0
nyc,2024-06-18,8,20.8,0.0
nyc,2024-06-18,9,20.5,0.0
nyc,2024-06-18,10,20.5,0.0
nyc,2024-06-18,11,21.8,0.0
nyc,2024-06-18,12,23.4,0.0
nyc,2024-06-18,13,25.4,0.0
nyc,2024-06-18,14,27.2,0.0
nyc,2024-06-18,15,28.8,0.0
nyc,2024-06-18,16,29.8,0.0
nyc,2024-06-18,17,30.0,0.0
nyc,2024-06-18,18,29.9,0.0
nyc,2024-06-18,19,29.7,0.0
nyc,2024-06-18,20,29.4,0.0
nyc,2024-06-18,21,28.5,0.0
nyc,2024-06-18,22,27.6,0.0
nyc,2024-06-18,23,26.4,0.0
nyc,2024-06-19,0,25.3,0.0
nyc,2024-06-19,1,24.3,0.0
nyc,2024-06-19,2,24.1,0.0
nyc,2024-06-19,3,23.5,0.0
nyc,2024-06-19,4,22.8,0.0
nyc,2024-06-19,5,22.0,0.0
nyc,2024-06-19,6,21.3,0.0
nyc,2024-06-19,7,20.8,0.0
nyc,2024-06-19,8,20.3,0.0
nyc,2024-06-19,9,19.8,0.0
nyc,2024-06-19,10,20.2,0.0
nyc,2024-06-19,11,21.6,0.0
nyc,2024-06-19,12,23.1,0.0
nyc,2024-06-19,13,25.0,0.0
nyc,2024-06-19,14,26.9,0.0
nyc,2024-06-19,15,28.8,0.0
nyc,2024-06-19,16,30.6,0.0
nyc,2024-06-19,17,31.1,0.0
nyc,2024-06-19,18,30.1,0.0
nyc,2024-06-19,19,30.0,0.0
nyc,2024-06-19,20,29.0,0.0
nyc,2024-06-19,21,28.3,0.0
nyc,2024-06-19,22,27.2,0.0
nyc,2024-06-19,23,26.0,0.0
nyc,2024-06-20,0,24.9,0.0
nyc,2024-06-20,1,23.6,0.0
nyc,2024-06-20,2,23.3,0.0
nyc,2024-06-20,3,23.2,0.0
nyc,2024-06-20,4,22.7,0.0
nyc,2024-06-20,5,22.1,0.0
nyc,2024-06-20,6,21.5,0.0
nyc,2024-06-20,7,21.0,0.0
nyc,2024-06-20,8,20.4,0.0
nyc,2024-06-20,9,19.9,0.0
nyc,2024-06-20,10,20.0,0.0
nyc,2024-06-20,11,21.6,0.0
nyc,2024-06-20,12,23.8,0.0
nyc,2024-06-20,13,26.5,0.0
nyc,2024-06-20,14,28.7,0.0
nyc,2024-06-20,15,31.0,0.0
nyc,2024-06-20,16,32.4,0.0
nyc,2024-06-20,17,33.2,0.0
nyc,2024-06-20,18,33.4,0.0
nyc,2024-06-20,19,33.1,0.0
nyc,2024-06-20,20,31.8,0.0
nyc,2024-06-20,21,30.7,0.0
nyc,2024-06-20,22,29.4,0.0
nyc,2024-06-20,23,27.9,0.0
nyc,2024-06-21,0,26.6,0.0
nyc,2024-06-21,1,26.5,0.0
nyc,2024-06-21,2,25.5,0.0
nyc,2024-06-21,3,24.7,0.0
nyc,2024-06-21,4,24.5,0.0
nyc,2024-06-21,5,24.8,0.0
nyc,2024-06-21,6,24.4,0.0
nyc,2024-06-21,7,23.6,0.0
nyc,2024-06-21,8,23.2,0.0
nyc,2024-06-21,9,22.8,0.0
nyc,2024-06-21,10,22.7,0.0
nyc,2024-06-21,11,24.1,0.0
nyc,2024-06-21,12,25.9,0.0
nyc,2024-06-21,13,28.5,0.0
nyc,2024-06-21,14,30.9,0.0
nyc,2024-06-21,15,32.8,0.0
nyc,2024-06-21,16,34.3,0.0
nyc,2024-06-21,17,35.5,0.0
nyc,2024-06-21,18,35.6,0.0
nyc,2024-06-21,19,34.9,0.0
nyc,2024-06-21,20,33.2,0.0
nyc,2024-06-21,21,30.3,0.0
nyc,2024-06-21,22,29.8,0.0
nyc,2024-06-21,23,28.3,0.0
nyc,2024-06-22,0,27.0,0.0
nyc,2024-06-22,1,25.1,0.0
nyc,2024-06-22,2,24.4,0.0
nyc,2024-06-22,3,23.8,0.0
nyc,2024-06-22,4,23.5,0.0
nyc,2024-06-22,5,23.3,0.0
nyc,2024-06-22,6,22.5,0.0
nyc,2024-06-22,7,23.1,0.0
nyc,2024-06-22,8,23.0,0.0
nyc,2024-06-22,9,22.3,0.0
nyc,2024-06-22,10,23.4,0.0
nyc,2024-06-22,11,25.0,0.0
nyc,2024-06-22,12,26.6,0.0
nyc,2024-06-22,13,27.7,0.0
nyc,2024-06-22,14,29.2,0.0
nyc,2024-06-22,15,31.7,0.0
nyc,2024-06-22,16,33.5,0.0
nyc,2024-06-22,17,34.7,0.0
nyc,2024-06-22,18,31.4,2.1
nyc,2024-06-22,19,30.2,0.8
nyc,2024-06-22,20,30.0,0.3
nyc,2024-06-22,21,31.6,0.0
nyc,2024-06-22,22,30.4,0.0
nyc,2024-06-22,23,29.6,0.0
nyc,2024-06-23,0,27.3,0.0
nyc,2024-06-23,1,24.5,1.6
nyc,2024-06-23,2,23.8,0.2
nyc,2024-06-23,3,23.1,0.0
nyc,2024-06-23,4,23.2,0.0
nyc,2024-06-23,5,22.9,0.0
nyc,2024-06-23,6,22.7,0.0
nyc,2024-06-23,7,22.8,0.0
nyc,2024-06-23,8,22.9,0.0
nyc,2024-06-23,9,23.2,0.0
nyc,2024-06-23,10,23.9,0.0
nyc,2024-06-23,11,25.1,0.0
nyc,2024-06-23,12,26.8,0.0
nyc,2024-06-23,13,28.8,0.0
nyc,2024-06-23,14,30.7,0.0
nyc,2024-06-23,15,32.5,0.0
nyc,2024-06-23,16,34.4,0.0
nyc,2024-06-23,17,35.6,0.1
nyc,2024-06-23,18,35.7,0.0
nyc,2024-06-23,19,36.3,0.0
nyc,2024-06-23,20,35.9,0.0
nyc,2024-06-23,21,35.2,0.0
nyc,2024-06-23,22,34.4,0.0
nyc,2024-06-23,23,33.1,0.0
nyc,2024-06-24,0,32.5,0.0
nyc,2024-06-24,1,29.8,0.0
nyc,2024-06-24,2,28.5,0.0
nyc,2024-06-24,3,27.4,0.0
nyc,2024-06-24,4,27.0,0.0
nyc,2024-06-24,5,26.6,0.0
nyc,2024-06-24,6,26.5,0.0
nyc,2024-06-24,7,26.2,0.0
nyc,2024-06-24,8,25.8,0.0
nyc,2024-06-24,9,25.2,0.0
nyc,2024-06-24,10,24.4,0.0
nyc,2024-06-24,11,24.4,0.0
nyc,2024-06-24,12,24.6,0.0
nyc,2024-06-24,13,25.9,0.0
nyc,2024-06-24,14,26.1,0.0
nyc,2024-06-24,15,26.3,0.0
nyc,2024-06-24,16,26.7,0.0
nyc,2024-06-24,17,27.2,0.0
nyc,2024-06-24,18,26.8,0.0
nyc,2024-06-24,19,26.4,0.0
nyc,2024-06-24,20,26.2,0.0
nyc,2024-06-24,21,24.3,0.0
nyc,2024-06-24,22,24.6,0.0
nyc,2024-06-24,23,24.4,0.0
nyc,2024-06-25,0,23.7,0.0
nyc,2024-06-25,1,22.7,0.0
nyc,2024-06-25,2,23.2,0.0
nyc,2024-06-25,3,22.3,0.0
nyc,2024-06-25,4,22.0,0.0
nyc,2024-06-25,5,21.7,0.0
nyc,2024-06-25,6,21.2,0.0
nyc,2024-06-25,7,20.7,0.0
nyc,2024-06-25,8,20.5,0.0
nyc,2024-06-25,9,20.2,0.0
nyc,2024-06-25,10,20.2,0.0
nyc,2024-06-25,11,21.5,0.0
nyc,2024-06-25,12,23.4,0.0
nyc,2024-06-25,13,25.8,0.0
nyc,2024-06-25,14,28.2,0.0
nyc,2024-06-25,15,29.9,0.0
nyc,2024-06-25,16,30.9,0.0
nyc,2024-06-25,17,31.8,0.0
nyc,2024-06-25,18,32.7,0.0
nyc,2024-06-25,19,33.9,0.0
nyc,2024-06-25,20,33.4,0.0
nyc,2024-06-25,21,30.7,0.0
nyc,2024-06-25,22,29.4,0.0
nyc,2024-06-25,23,29.1,0.0
nyc,2024-06-26,0,27.8,0.0
nyc,2024-06-26,1,27.2,0.0
nyc,2024-06-26,2,26.1,0.0
nyc,2024-06-26,3,26.3,0.0
nyc,2024-06-26,4,25.4,0.0
nyc,2024-06-26,5,24.8,0.0
nyc,2024-06-26,6,24.3,0.0
nyc,2024-06-26,7,24.1,0.0
nyc,2024-06-26,8,23.8,0.0
nyc,2024-06-26,9,23.5,0.0
nyc,2024-06-26,10,23.2,0.0
nyc,2024-06-26,11,24.4,0.0
nyc,2024-06-26,12,26.0,0.0
nyc,2024-06-26,13,27.6,0.0
nyc,2024-06-26,14,29.5,0.0
nyc,2024-06-26,15,31.5,0.0
nyc,2024-06-26,16,33.2,0.0
nyc,2024-06-26,17,34.7,0.0
nyc,2024-06-26,18,35.3,0.0
nyc,2024-06-26,19,35.9,0.0
nyc,2024-06-26,20,35.6,0.0
nyc,2024-06-26,21,33.5,0.0
nyc,2024-06-26,22,30.5,0.0
nyc,2024-06-26,23,31.0,0.0
nyc,2024-06-27,0,30.2,0.0
nyc,2024-06-27,1,25.8,0.1
nyc,2024-06-27,2,24.4,0.0
nyc,2024-06-27,3,24.7,0.0
nyc,2024-06-27,4,24.5,0.0
nyc,2024-06-27,5,24.3,0.4
nyc,2024-06-27,6,23.6,1.6
nyc,2024-06-27,7,22.5,3.8
nyc,2024-06-27,8,22.0,4.3
nyc,2024-06-27,9,21.9,0.5
nyc,2024-06-27,10,22.0,0.0
nyc,2024-06-27,11,22.1,0.0
nyc,2024-06-27,12,22.6,0.0
nyc,2024-06-27,13,22.6,0.0
nyc,2024-06-27,14,24.3,0.0
nyc,2024-06-27,15,25.9,0.0
nyc,2024-06-27,16,27.1,0.0
nyc,2024-06-27,17,28.5,0.0
nyc,2024-06-27,18,29.2,0.0
nyc,2024-06-27,19,30.0,0.0
nyc,2024-06-27,20,30.2,0.0
nyc,2024-06-27,21,30.4,0.0
nyc,2024-06-27,22,29.1,0.0
nyc,2024-06-27,23,28.4,0.0
nyc,2024-06-28,0,26.8,0.0
nyc,2024-06-28,1,23.7,0.0
nyc,2024-06-28,2,22.6,0.0
nyc,2024-06-28,3,21.7,0.0
nyc,2024-06-28,4,20.5,0.0
nyc,2024-06-28,5,19.2,0.0
nyc,2024-06-28,6,18.0,0.0
nyc,2024-06-28,7,17.1,0.0
nyc,2024-06-28,8,16.3,0.0
nyc,2024-06-28,9,15.7,0.0
nyc,2024-06-28,10,15.5,0.0
nyc,2024-06-28,11,16.9,0.0
nyc,2024-06-28,12,18.4,0.0
nyc,2024-06-28,13,19.8,0.0
nyc,2024-06-28,14,20.9,0.0
nyc,2024-06-28,15,22.1,0.0
nyc,2024-06-28,16,23.2,0.0
nyc,2024-06-28,17,24.2,0.0
nyc,2024-06-28,18,25.2,0.0
nyc,2024-06-28,19,25.5,0.0
nyc,2024-06-28,20,24.4,0.0
nyc,2024-06-28,21,23.9,0.0
nyc,2024-06-28,22,22.4,0.0
nyc,2024-06-28,23,21.4,0.0
nyc,2024-06-29,0,20.0,0.0
nyc,2024-06-29,1,18.8,0.0
nyc,2024-06-29,2,18.6,0.0
nyc,2024-06-29,3,18.8,0.0
nyc,2024-06-29,4,18.8,0.0
nyc,2024-06-29,5,18.7,0.0
nyc,2024-06-29,6,18.6,0.0
nyc,2024-06-29,7,17.9,0.0
nyc,2024-06-29,8,18.6,0.0
nyc,2024-06-29,9,19.0,0.0
nyc,2024-06-29,10,19.3,0.0
nyc,2024-06-29,11,21.0,0.0
nyc,2024-06-29,12,22.1,0.0
nyc,2024-06-29,13,22.9,0.2
nyc,2024-06-29,14,24.1,0.1
nyc,2024-06-29,15,25.3,0.2
nyc,2024-06-29,16,26.5,0.1
nyc,2024-06-29,17,26.4,0.0
nyc,2024-06-29,18,26.8,0.0
nyc,2024-06-29,19,26.7,0.0
nyc,2024-06-29,20,26.9,0.0
nyc,2024-06-29,21,26.3,0.0
nyc,2024-06-29,22,26.5,0.0
nyc,2024-06-29,23,25.8,0.0
nyc,2024-06-30,0,25.6,0.0
nyc,2024-06-30,1,24.2,0.0
nyc,2024-06-30,2,23.9,0.2
nyc,2024-06-30,3,23.9,0.9
nyc,2024-06-30,4,23.8,0.1
nyc,2024-06-30,5,23.7,0.1
nyc,2024-06-30,6,23.5,0.2
nyc,2024-06-30,7,23.4,0.2
nyc,2024-06-30,8,23.5,0.0
nyc,2024-06-30,9,23.6,0.0
nyc,2024-06-30,10,24.0,0.0
nyc,2024-06-30,11,25.1,0.0
nyc,2024-06-30,12,26.7,0.0
nyc,2024-06-30,13,27.2,0.0
nyc,2024-06-30,14,28.0,0.0
nyc,2024-06-30,15,28.8,0.0
nyc,2024-06-30,16,30.2,0.0
nyc,2024-06-30,17,30.7,0.0
nyc,2024-06-30,18,31.7,0.0
nyc,2024-06-30,19,32.7,0.0
nyc,2024-06-30,20,33.5,0.0
nyc,2024-06-30,21,27.2,13.1
nyc,2024-06-30,22,26.3,0.1
nyc,2024-06-30,23,26.2,0.4
london,2026-01-01,0,-0.6,0.0
london,2026-01-01,1,-0.3,0.0
london,2026-01-01,2,0.1,0.0
london,2026-01-01,3,-0.1,0.0
london,2026-01-01,4,0.1,0.0
london,2026-01-01,5,0.6,0.0
london,2026-01-01,6,1.5,0.0
london,2026-01-01,7,1.8,0.0
london,2026-01-01,8,1.9,0.0
london,2026-01-01,9,2.4,0.0
london,2026-01-01,10,3.2,0.0
london,2026-01-01,11,4.2,0.0
london,2026-01-01,12,5.1,0.0
london,2026-01-01,13,5.4,0.0
london,2026-01-01,14,5.7,0.0
london,2026-01-01,15,5.6,0.0
london,2026-01-01,16,5.1,0.0
london,2026-01-01,17,4.5,0.0
london,2026-01-01,18,4.8,0.0
london,2026-01-01,19,4.2,0.0
london,2026-01-01,20,4.0,0.0
london,2026-01-01,21,3.8,0.0
london,2026-01-01,22,3.6,0.0
london,2026-01-01,23,3.3,0.0
london,2026-01-02,0,3.0,0.0
london,2026-01-02,1,2.7,0.0
london,2026-01-02,2,2.4,0.0
london,2026-01-02,3,2.2,0.0
london,2026-01-02,4,1.8,0.0
london,2026-01-02,5,1.5,0.2
london,2026-01-02,6,1.8,0.2
london,2026-01-02,7,1.6,0.0
london,2026-01-02,8,1.1,0.0
london,2026-01-02,9,1.3,0.0
london,2026-01-02,10,1.5,0.0
london,2026-01-02,11,2.1,0.0
london,2026-01-02,12,3.0,0.0
london,2026-01-02,13,3.4,0.0
london,2026-01-02,14,3.3,0.0
london,2026-01-02,15,2.7,0.0
london,2026-01-02,16,2.0,0.0
london,2026-01-02,17,1.4,0.0
london,2026-01-02,18,0.9,0.0
london,2026-01-02,19,0.6,0.0
london,2026-01-02,20,0.3,0.0
london,2026-01-02,21,-0.2,0.0
london,2026-01-02,22,-0.4,0.0
london,2026-01-02,23,-0.6,0.0
london,2026-01-03,0,-0.1,0.0
london,2026-01-03,1,-0.1,0.0
london,2026-01-03,2,0.2,0.0
london,2026-01-03,3,0.4,0.0
london,2026-01-03,4,0.5,0.0
london,2026-01-03,5,0.3,0.0
london,2026-01-03,6,-0.1,0.0
london,2026-01-03,7,-0.3,0.0
london,2026-01-03,8,-0.6,0.0
london,2026-01-03,9,-0.6,0.0
london,2026-01-03,10,0.2,0.0
london,2026-01-03,11,0.8,0.0
london,2026-01-03,12,1.9,0.0
london,2026-01-03,13,2.2,0.0
london,2026-01-03,14,2.3,0.0
london,2026-01-03,15,1.9,0.0
london,2026-01-03,16,1.0,0.0
london,2026-01-03,17,0.4,0.0
london,2026-01-03,18,0.3,0.0
london,2026-01-03,19,0.0,0.0
london,2026-01-03,20,-0.4,0.0
london,2026-01-03,21,-0.7,0.0
london,2026-01-03,22,-1.0,0.0
london,2026-01-03,23,-1.2,0.0
london,2026-01-04,0,-1.5,0.0
london,2026-01-04,1,-1.6,0.0
london,2026-01-04,2,-1.8,0.0
london,2026-01-04,3,-1.9,0.0
london,2026-01-04,4,-2.0,0.0
london,2026-01-04,5,-1.9,0.0
london,2026-01-04,6,-2.4,0.0
london,2026-01-04,7,-2.9,0.0
london,2026-01-04,8,-3.3,0.0
london,2026-01-04,9,-3.1,0.0
london,2026-01-04,10,-2.2,0.0
london,2026-01-04,11,-0.7,0.0
london,2026-01-04,12,0.9,0.0
london,2026-01-04,13,1.5,0.0
london,2026-01-04,14,1.7,0.0
london,2026-01-04,15,1.4,0.0
london,2026-01-04,16,0.5,0.0
london,2026-01-04,17,0.1,0.0
london,2026-01-04,18,0.1,0.0
london,2026-01-04,19,-0.3,0.0
london,2026-01-04,20,-0.7,0.0
london,2026-01-04,21,-1.0,0.0
london,2026-01-04,22,-1.3,0.0
london,2026-01-04,23,-1.5,0.0
london,2026-01-05,0,-1.7,0.0
london,2026-01-05,1,-1.9,0.0
london,2026-01-05,2,-2.2,0.0
london,2026-01-05,3,-2.4,0.0
london,2026-01-05,4,-2.8,0.0
london,2026-01-05,5,-1.9,0.0
london,2026-01-05,6,-1.2,0.0
london,2026-01-05,7,-2.1,0.0
london,2026-01-05,8,-3.7,0.0
london,2026-01-05,9,-3.2,0.0
london,2026-01-05,10,-2.2,0.0
london,2026-01-05,11,-1.1,0.0
london,2026-01-05,12,0.5,0.0
london,2026-01-05,13,1.1,0.0
london,2026-01-05,14,1.3,0.0
london,2026-01-05,15,0.9,0.0
london,2026-01-05,16,-0.1,0.0
london,2026-01-05,17,-0.7,0.0
london,2026-01-05,18,-0.8,0.0
london,2026-01-05,19,-1.0,0.0
london,2026-01-05,20,-1.3,0.0
london,2026-01-05,21,-1.6,0.0
london,2026-01-05,22,-1.9,0.0
london,2026-01-05,23,-2.1,0.0
london,2026-01-06,0,-3.3,0.0
london,2026-01-06,1,-3.6,0.0
london,2026-01-06,2,-4.0,0.0
london,2026-01-06,3,-4.2,0.0
london,2026-01-06,4,-4.4,0.0
london,2026-01-06,5,-4.5,0.0
london,2026-01-06,6,-5.1,0.0
london,2026-01-06,7,-5.2,0.0
london,2026-01-06,8,-5.1,0.0
london,2026-01-06,9,-4.6,0.0
london,2026-01-06,10,-3.3,0.0
london,2026-01-06,11,-1.7,0.0
london,2026-01-06,12,0.6,0.1
london,2026-01-06,13,1.3,0.0
london,2026-01-06,14,2.2,0.0
london,2026-01-06,15,2.2,0.0
london,2026-01-06,16,1.5,0.0
london,2026-01-06,17,1.5,0.0
london,2026-01-06,18,1.9,0.0
london,2026-01-06,19,2.2,0.0
london,2026-01-06,20,3.3,0.1
london,2026-01-06,21,3.6,0.2
london,2026-01-06,22,3.4,0.2
london,2026-01-06,23,2.9,0.8
london,2026-01-07,0,3.0,2.4
london,2026-01-07,1,3.4,1.5
london,2026-01-07,2,3.5,2.2
london,2026-01-07,3,3.1,0.7
london,2026-01-07,4,2.8,0.0
london,2026-01-07,5,1.6,0.0
london,2026-01-07,6,1.6,0.0
london,2026-01-07,7,0.7,0.0
london,2026-01-07,8,0.7,0.0
london,2026-01-07,9,1.4,0.0
london,2026-01-07,10,2.7,0.0
london,2026-01-07,11,3.8,0.0
london,2026-01-07,12,5.1,0.0
london,2026-01-07,13,5.5,0.0
london,2026-01-07,14,5.5,0.0
london,2026-01-07,15,5.1,0.0
london,2026-01-07,16,4.3,0.0
london,2026-01-07,17,3.6,0.0
london,2026-01-07,18,3.1,0.0
london,2026-01-07,19,2.6,0.0
london,2026-01-07,20,2.2,0.0
london,2026-01-07,21,1.8,0.0
london,2026-01-07,22,1.5,0.0
london,2026-01-07,23,1.3,0.0
london,2026-01-08,0,2.1,0.0
london,2026-01-08,1,2.4,0.0
london,2026-01-08,2,2.4,0.0
london,2026-01-08,3,2.3,0.1
london,2026-01-08,4,2.1,0.1
london,2026-01-08,5,2.0,0.1
london,2026-01-08,6,1.9,0.0
london,2026-01-08,7,2.0,0.0
london,2026-01-08,8,2.3,0.0
london,2026-01-08,9,2.6,0.0
london,2026-01-08,10,3.2,0.0
london,2026-01-08,11,3.8,0.0
london,2026-01-08,12,4.6,0.0
london,2026-01-08,13,4.9,0.1
london,2026-01-08,14,4.8,0.3
london,2026-01-08,15,4.2,0.7
london,2026-01-08,16,4.0,1.3
london,2026-01-08,17,3.9,2.2
london,2026-01-08,18,4.5,3.7
london,2026-01-08,19,5.1,3.2
london,2026-01-08,20,5.1,1.2
london,2026-01-08,21,6.0,0.3
london,2026-01-08,22,6.8,0.2
london,2026-01-08,23,6.1,0.0
london,2026-01-09,0,5.4,0.0
london,2026-01-09,1,5.7,0.0
london,2026-01-09,2,4.8,0.0
london,2026-01-09,3,4.0,0.0
london,2026-01-09,4,2.9,0.0
london,2026-01-09,5,2.8,0.3
london,2026-01-09,6,1.9,0.8
london,2026-01-09,7,2.6,0.4
london,2026-01-09,8,2.9,0.2
london,2026-01-09,9,3.1,0.2
london,2026-01-09,10,3.3,0.2
london,2026-01-09,11,3.5,0.3
london,2026-01-09,12,3.8,0.2
london,2026-01-09,13,4.1,0.2
london,2026-01-09,14,4.4,0.1
london,2026-01-09,15,4.4,0.0
london,2026-01-09,16,4.0,0.0
london,2026-01-09,17,3.9,0.0
london,2026-01-09,18,3.9,0.0
london,2026-01-09,19,3.7,0.0
london,2026-01-09,20,3.4,0.0
london,2026-01-09,21,3.4,0.0
london,2026-01-09,22,3.3,0.0
london,2026-01-09,23,2.9,0.0
london,2026-01-10,0,2.4,0.0
london,2026-01-10,1,2.1,0.0
london,2026-01-10,2,1.7,0.0
london,2026-01-10,3,1.4,0.0
london,2026-01-10,4,1.2,0.0
london,2026-01-10,5,0.9,0.0
london,2026-01-10,6,0.8,0.0
london,2026-01-10,7,0.9,0.0
london,2026-01-10,8,1.1,0.0
london,2026-01-10,9,1.0,0.0
london,2026-01-10,10,1.4,0.0
london,2026-01-10,11,2.1,0.0
london,2026-01-10,12,2.7,0.0
london,2026-01-10,13,3.1,0.0
london,2026-01-10,14,3.2,0.0
london,2026-01-10,15,3.1,0.0
london,2026-01-10,16,2.5,0.0
london,2026-01-10,17,1.4,0.0
london,2026-01-10,18,0.9,0.0
london,2026-01-10,19,0.6,0.0
london,2026-01-10,20,0.0,0.0
london,2026-01-10,21,-0.4,0.0
london,2026-01-10,22,-0.6,0.0
london,2026-01-10,23,-0.3,0.0
london,2026-01-11,0,-1.5,0.0
london,2026-01-11,1,-0.8,0.0
london,2026-01-11,2,-0.3,0.0
london,2026-01-11,3,-0.2,0.0
london,2026-01-11,4,-0.2,0.0
london,2026-01-11,5,0.1,0.0
london,2026-01-11,6,0.2,0.0
london,2026-01-11,7,1.7,0.0
london,2026-01-11,8,2.9,0.0
london,2026-01-11,9,3.8,0.0
london,2026-01-11,10,4.7,0.0
london,2026-01-11,11,5.3,0.0
london,2026-01-11,12,5.9,0.0
london,2026-01-11,13,6.2,0.0
london,2026-01-11,14,6.6,0.0
london,2026-01-11,15,6.8,0.1
london,2026-01-11,16,6.9,0.1
london,2026-01-11,17,7.1,0.1
london,2026-01-11,18,7.4,0.3
london,2026-01-11,19,7.6,0.5
london,2026-01-11,20,8.0,0.5
london,2026-01-11,21,8.6,0.2
london,2026-01-11,22,9.3,0.2
london,2026-01-11,23,9.8,0.4
london,2026-01-12,0,9.5,0.0
london,2026-01-12,1,10.0,0.0
london,2026-01-12,2,10.2,0.0
london,2026-01-12,3,10.2,0.0
london,2026-01-12,4,10.0,0.0
london,2026-01-12,5,9.6,0.0
london,2026-01-12,6,9.7,0.0
london,2026-01-12,7,9.6,0.0
london,2026-01-12,8,9.3,0.0
london,2026-01-12,9,9.4,0.0
london,2026-01-12,10,10.3,0.0
london,2026-01-12,11,10.5,0.0
london,2026-01-12,12,10.2,0.1
london,2026-01-12,13,10.5,0.1
london,2026-01-12,14,10.7,0.0
london,2026-01-12,15,10.7,0.0
london,2026-01-12,16,10.4,0.0
london,2026-01-12,17,9.9,0.0
london,2026-01-12,18,10.5,0.0
london,2026-01-12,19,10.1,0.0
london,2026-01-12,20,9.7,0.0
london,2026-01-12,21,9.6,0.0
london,2026-01-12,22,9.6,0.0
london,2026-01-12,23,9.7,0.0
london,2026-01-13,0,9.6,0.0
london,2026-01-13,1,9.4,0.0
london,2026-01-13,2,9.5,0.0
london,2026-01-13,3,9.7,0.0
london,2026-01-13,4,9.7,0.0
london,2026-01-13,5,9.5,0.0
london,2026-01-13,6,9.2,0.0
london,2026-01-13,7,9.4,0.0
london,2026-01-13,8,9.7,0.0
london,2026-01-13,9,9.9,0.2
london,2026-01-13,10,9.8,1.7
london,2026-01-13,11,10.0,1.4
london,2026-01-13,12,10.2,1.0
london,2026-01-13,13,10.3,0.6
london,2026-01-13,14,10.2,0.8
london,2026-01-13,15,10.2,1.0
london,2026-01-13,16,9.8,1.7
london,2026-01-13,17,9.6,3.3
london,2026-01-13,18,9.6,1.0
london,2026-01-13,19,9.5,0.1
london,2026-01-13,20,8.9,0.0
london,2026-01-13,21,7.5,0.1
london,2026-01-13,22,6.9,0.0
london,2026-01-13,23,6.3,0.0
london,2026-01-14,0,5.9,0.0
london,2026-01-14,1,4.3,0.0
london,2026-01-14,2,3.0,0.0
london,2026-01-14,3,2.3,0.0
london,2026-01-14,4,1.5,0.0
london,2026-01-14,5,1.1,0.0
london,2026-01-14,6,1.0,0.0
london,2026-01-14,7,-0.3,0.0
london,2026-01-14,8,-0.7,0.0
london,2026-01-14,9,0.1,0.0
london,2026-01-14,10,1.7,0.0
london,2026-01-14,11,3.0,0.0
london,2026-01-14,12,4.7,0.0
london,2026-01-14,13,5.9,0.0
london,2026-01-14,14,6.6,0.0
london,2026-01-14,15,6.6,0.0
london,2026-01-14,16,6.5,0.0
london,2026-01-14,17,6.4,0.0
london,2026-01-14,18,6.8,1.2
london,2026-01-14,19,7.7,0.1
london,2026-01-14,20,8.5,0.0
london,2026-01-14,21,9.1,0.1
london,2026-01-14,22,9.1,1.8
london,2026-01-14,23,9.2,0.7
london,2026-01-15,0,9.4,0.5
london,2026-01-15,1,9.0,0.0
london,2026-01-15,2,7.5,0.0
london,2026-01-15,3,7.0,0.0
london,2026-01-15,4,7.3,0.0
london,2026-01-15,5,8.0,0.0
london,2026-01-15,6,8.6,0.0
london,2026-01-15,7,8.7,0.1
london,2026-01-15,8,8.8,0.2
london,2026-01-15,9,8.6,0.6
london,2026-01-15,10,8.5,0.7
london,2026-01-15,11,8.2,0.8
london,2026-01-15,12,8.3,0.4
london,2026-01-15,13,8.5,0.4
london,2026-01-15,14,8.3,1.7
london,2026-01-15,15,8.8,2.7
london,2026-01-15,16,8.8,2.1
london,2026-01-15,17,9.0,1.4
london,2026-01-15,18,9.0,1.4
london,2026-01-15,19,8.9,1.0
london,2026-01-15,20,8.8,0.3
london,2026-01-15,21,7.5,0.1
london,2026-01-15,22,6.3,0.1
london,2026-01-15,23,5.8,0.1
london,2026-01-16,0,5.1,0.0
london,2026-01-16,1,5.4,0.0
london,2026-01-16,2,5.0,0.0
london,2026-01-16,3,4.4,0.0
london,2026-01-16,4,3.1,0.0
london,2026-01-16,5,3.8,0.0
london,2026-01-16,6,5.1,0.4
london,2026-01-16,7,5.7,0.0
london,2026-01-16,8,5.6,0.0
london,2026-01-16,9,5.9,0.0
london,2026-01-16,10,7.1,0.0
london,2026-01-16,11,8.1,0.0
london,2026-01-16,12,9.1,0.0
london,2026-01-16,13,9.3,0.1
london,2026-01-16,14,9.3,0.0
london,2026-01-16,15,9.2,0.0
london,2026-01-16,16,8.5,0.0
london,2026-01-16,17,7.7,0.0
london,2026-01-16,18,7.8,0.0
london,2026-01-16,19,7.6,0.0
london,2026-01-16,20,7.3,0.0
london,2026-01-16,21,7.4,0.0
london,2026-01-16,22,7.6,0.0
london,2026-01-16,23,7.4,0.0
london,2026-01-17,0,7.3,0.2
london,2026-01-17,1,7.4,0.8
london,2026-01-17,2,7.4,0.1
london,2026-01-17,3,7.4,0.0
london,2026-01-17,4,6.9,0.0
london,2026-01-17,5,6.5,0.1
london,2026-01-17,6,6.7,0.0
london,2026-01-17,7,6.5,0.0
london,2026-01-17,8,6.2,0.0
london,2026-01-17,9,6.7,0.0
london,2026-01-17,10,7.8,0.0
london,2026-01-17,11,9.0,0.0
london,2026-01-17,12,9.0,0.0
london,2026-01-17,13,9.4,0.1
london,2026-01-17,14,9.9,0.0
london,2026-01-17,15,9.8,0.0
london,2026-01-17,16,8.9,0.0
london,2026-01-17,17,8.2,0.0
london,2026-01-17,18,7.6,0.0
london,2026-01-17,19,7.1,0.0
london,2026-01-17,20,6.0,0.0
london,2026-01-17,21,5.0,0.0
london,2026-01-17,22,5.6,0.0
london,2026-01-17,23,6.3,0.0
london,2026-01-18,0,6.0,0.0
london,2026-01-18,1,6.1,0.0
london,2026-01-18,2,6.5,0.0
london,2026-01-18,3,6.9,0.0
london,2026-01-18,4,7.1,0.0
london,2026-01-18,5,6.8,0.0
london,2026-01-18,6,6.9,0.3
london,2026-01-18,7,6.8,0.0
london,2026-01-18,8,6.8,0.0
london,2026-01-18,9,7.0,0.0
london,2026-01-18,10,7.6,0.0
london,2026-01-18,11,8.6,0.0
london,2026-01-18,12,9.7,0.0
london,2026-01-18,13,10.6,0.0
london,2026-01-18,14,11.1,0.0
london,2026-01-18,15,11.0,0.0
london,2026-01-18,16,10.4,0.0
london,2026-01-18,17,10.1,0.0
london,2026-01-18,18,9.8,0.0
london,2026-01-18,19,9.5,0.2
london,2026-01-18,20,9.1,0.0
london,2026-01-18,21,9.0,0.0
london,2026-01-18,22,8.8,0.0
london,2026-01-18,23,8.1,0.0
london,2026-01-19,0,6.6,0.0
london,2026-01-19,1,6.7,0.0
london,2026-01-19,2,6.7,0.0
london,2026-01-19,3,7.1,0.0
london,2026-01-19,4,7.0,0.0
london,2026-01-19,5,7.2,0.0
london,2026-01-19,6,7.5,0.0
london,2026-01-19,7,7.7,0.0
london,2026-01-19,8,7.6,0.0
london,2026-01-19,9,8.1,0.1
london,2026-01-19,10,8.5,0.0
london,2026-01-19,11,8.9,0.0
london,2026-01-19,12,9.8,0.0
london,2026-01-19,13,10.3,0.0
london,2026-01-19,14,10.4,0.4
london,2026-01-19,15,10.3,0.0
london,2026-01-19,16,9.7,0.0
london,2026-01-19,17,9.1,0.0
london,2026-01-19,18,8.9,0.0
london,2026-01-19,19,9.1,0.0
london,2026-01-19,20,9.4,0.1
london,2026-01-19,21,9.3,0.1
london,2026-01-19,22,9.3,0.1
london,2026-01-19,23,9.3,0.0
london,2026-01-20,0,9.1,0.1
london,2026-01-20,1,9.1,0.3
london,2026-01-20,2,9.0,0.2
london,2026-01-20,3,9.0,0.1
london,2026-01-20,4,8.9,0.0
london,2026-01-20,5,8.6,0.0
london,2026-01-20,6,8.2,0.0
london,2026-01-20,7,8.5,0.2
london,2026-01-20,8,8.3,0.0
london,2026-01-20,9,8.4,0.0
london,2026-01-20,10,8.6,0.0
london,2026-01-20,11,9.2,0.0
london,2026-01-20,12,9.8,0.0
london,2026-01-20,13,9.9,0.0
london,2026-01-20,14,9.9,0.0
london,2026-01-20,15,9.5,0.0
london,2026-01-20,16,9.1,0.0
london,2026-01-20,17,8.4,0.0
london,2026-01-20,18,8.0,0.0
london,2026-01-20,19,8.2,0.0
london,2026-01-20,20,8.4,0.0
london,2026-01-20,21,8.6,0.2
london,2026-01-20,22,7.8,2.3
london,2026-01-20,23,7.4,2.1
london,2026-01-21,0,7.6,1.1
london,2026-01-21,1,6.8,1.0
london,2026-01-21,2,6.3,0.0
london,2026-01-21,3,5.7,0.0
london,2026-01-21,4,5.5,0.0
london,2026-01-21,5,5.3,0.0
london,2026-01-21,6,5.6,0.0
london,2026-01-21,7,6.0,0.0
london,2026-01-21,8,6.9,1.0
london,2026-01-21,9,7.9,1.5
london,2026-01-21,10,9.1,2.3
london,2026-01-21,11,9.4,0.3
london,2026-01-21,12,9.3,0.3
london,2026-01-21,13,9.4,1.0
london,2026-01-21,14,9.3,0.3
london,2026-01-21,15,9.3,0.2
london,2026-01-21,16,9.5,0.0
london,2026-01-21,17,9.5,0.3
london,2026-01-21,18,9.1,0.7
london,2026-01-21,19,9.4,0.3
london,2026-01-21,20,9.8,0.0
london,2026-01-21,21,9.9,0.0
london,2026-01-21,22,10.0,0.1
london,2026-01-21,23,10.0,0.0
london,2026-01-22,0,9.5,0.1
london,2026-01-22,1,9.5,0.0
london,2026-01-22,2,9.4,0.1
london,2026-01-22,3,9.3,0.1
london,2026-01-22,4,9.2,0.2
london,2026-01-22,5,9.1,0.1
london,2026-01-22,6,8.5,0.1
london,2026-01-22,7,8.2,0.6
london,2026-01-22,8,8.0,0.2
london,2026-01-22,9,8.1,0.0
london,2026-01-22,10,8.6,0.0
london,2026-01-22,11,8.9,0.0
london,2026-01-22,12,9.0,0.0
london,2026-01-22,13,9.1,0.2
london,2026-01-22,14,9.3,0.1
london,2026-01-22,15,9.0,0.2
london,2026-01-22,16,8.8,0.4
london,2026-01-22,17,8.8,0.1
london,2026-01-22,18,8.4,0.0
london,2026-01-22,19,8.2,0.0
london,2026-01-22,20,8.1,0.0
london,2026-01-22,21,8.3,0.0
london,2026-01-22,22,8.1,0.0
london,2026-01-22,23,7.6,0.0
london,2026-01-23,0,7.0,0.0
london,2026-01-23,1,6.9,0.0
london,2026-01-23,2,6.5,0.1
london,2026-01-23,3,6.3,0.2
london,2026-01-23,4,6.3,0.0
london,2026-01-23,5,6.2,0.0
london,2026-01-23,6,6.8,0.0
london,2026-01-23,7,6.8,1.7
london,2026-01-23,8,6.9,0.2
london,2026-01-23,9,7.0,0.3
london,2026-01-23,10,7.2,0.5
london,2026-01-23,11,7.4,0.1
london,2026-01-23,12,7.9,0.1
london,2026-01-23,13,8.9,0.0
london,2026-01-23,14,8.6,0.2
london,2026-01-23,15,8.4,0.0
london,2026-01-23,16,8.2,0.0
london,2026-01-23,17,7.7,0.0
london,2026-01-23,18,7.1,0.0
london,2026-01-23,19,7.4,0.1
london,2026-01-23,20,7.3,0.0
london,2026-01-23,21,7.2,0.0
london,2026-01-23,22,6.9,0.0
london,2026-01-23,23,6.6,0.0
london,2026-01-24,0,6.7,0.0
london,2026-01-24,1,6.7,0.0
london,2026-01-24,2,6.9,0.0
london,2026-01-24,3,6.6,0.0
london,2026-01-24,4,6.3,0.0
london,2026-01-24,5,5.8,0.0
london,2026-01-24,6,5.5,0.0
london,2026-01-24,7,5.9,0.0
london,2026-01-24,8,5.8,0.0
london,2026-01-24,9,6.0,0.0
london,2026-01-24,10,6.9,0.0
london,2026-01-24,11,7.7,0.0
london,2026-01-24,12,8.9,0.0
london,2026-01-24,13,9.2,0.0
london,2026-01-24,14,9.0,0.0
london,2026-01-24,15,8.4,0.0
london,2026-01-24,16,7.9,0.0
london,2026-01-24,17,7.5,0.0
london,2026-01-24,18,7.2,0.0
london,2026-01-24,19,7.3,0.4
london,2026-01-24,20,6.8,2.1
london,2026-01-24,21,6.9,0.5
london,2026-01-24,22,6.7,0.9
london,2026-01-24,23,6.8,0.1
london,2026-01-25,0,6.7,0.1
london,2026-01-25,1,6.8,0.3
london,2026-01-25,2,6.5,1.3
london,2026-01-25,3,6.2,0.0
london,2026-01-25,4,6.0,0.0
london,2026-01-25,5,5.7,0.3
london,2026-01-25,6,6.2,0.0
london,2026-01-25,7,5.9,0.4
london,2026-01-25,8,5.6,0.0
london,2026-01-25,9,5.8,0.0
london,2026-01-25,10,6.9,0.0
london,2026-01-25,11,7.9,0.1
london,2026-01-25,12,7.2,0.1
london,2026-01-25,13,7.7,0.3
london,2026-01-25,14,7.6,0.0
london,2026-01-25,15,7.5,0.0
london,2026-01-25,16,6.9,0.0
london,2026-01-25,17,6.2,0.0
london,2026-01-25,18,5.9,0.0
london,2026-01-25,19,5.7,0.0
london,2026-01-25,20,5.7,0.0
london,2026-01-25,21,5.6,0.0
london,2026-01-25,22,5.7,0.1
london,2026-01-25,23,5.6,0.1
london,2026-01-26,0,5.6,0.0
london,2026-01-26,1,5.3,0.0
london,2026-01-26,2,5.0,0.0
london,2026-01-26,3,4.8,0.0
london,2026-01-26,4,4.7,0.0
london,2026-01-26,5,4.5,0.0
london,2026-01-26,6,4.3,0.0
london,2026-01-26,7,4.2,0.0
london,2026-01-26,8,4.1,0.0
london,2026-01-26,9,4.1,0.0
london,2026-01-26,10,4.3,0.0
london,2026-01-26,11,4.6,0.0
london,2026-01-26,12,5.0,0.0
london,2026-01-26,13,5.7,0.0
london,2026-01-26,14,6.0,0.0
london,2026-01-26,15,6.1,0.0
london,2026-01-26,16,6.2,0.0
london,2026-01-26,17,6.1,0.1
london,2026-01-26,18,5.8,0.0
london,2026-01-26,19,5.6,0.0
london,2026-01-26,20,5.4,0.0
london,2026-01-26,21,5.3,0.0
london,2026-01-26,22,5.3,0.0
london,2026-01-26,23,5.6,0.0
london,2026-01-27,0,6.3,0.0
london,2026-01-27,1,6.7,0.1
london,2026-01-27,2,6.3,0.3
london,2026-01-27,3,5.7,1.2
london,2026-01-27,4,5.9,1.7
london,2026-01-27,5,6.2,1.5
london,2026-01-27,6,5.9,1.6
london,2026-01-27,7,5.8,4.6
london,2026-01-27,8,6.0,1.6
london,2026-01-27,9,6.5,0.9
london,2026-01-27,10,6.9,0.7
london,2026-01-27,11,7.2,1.0
london,2026-01-27,12,7.1,0.9
london,2026-01-27,13,7.9,0.3
london,2026-01-27,14,8.7,0.2
london,2026-01-27,15,9.6,0.0
london,2026-01-27,16,9.2,0.0
london,2026-01-27,17,8.6,0.0
london,2026-01-27,18,8.0,0.0
london,2026-01-27,19,7.4,0.0
london,2026-01-27,20,6.9,0.0
london,2026-01-27,21,6.6,0.1
london,2026-01-27,22,6.3,0.0
london,2026-01-27,23,6.1,0.0
london,2026-01-28,0,5.7,0.0
london,2026-01-28,1,5.3,0.0
london,2026-01-28,2,4.9,0.0
london,2026-01-28,3,4.5,0.0
london,2026-01-28,4,4.3,0.0
london,2026-01-28,5,4.1,0.0
london,2026-01-28,6,2.8,0.0
london,2026-01-28,7,1.7,0.0
london,2026-01-28,8,1.5,0.0
london,2026-01-28,9,2.6,0.0
london,2026-01-28,10,4.3,0.0
london,2026-01-28,11,5.7,0.0
london,2026-01-28,12,7.5,0.0
london,2026-01-28,13,8.4,0.1
london,2026-01-28,14,8.8,0.1
london,2026-01-28,15,8.8,0.0
london,2026-01-28,16,8.1,0.0
london,2026-01-28,17,7.3,0.0
london,2026-01-28,18,5.8,0.0
london,2026-01-28,19,4.8,0.0
london,2026-01-28,20,4.1,0.0
london,2026-01-28,21,3.5,0.0
london,2026-01-28,22,2.6,0.0
london,2026-01-28,23,1.8,0.0
london,2026-01-29,0,2.5,0.0
london,2026-01-29,1,2.9,0.0
london,2026-01-29,2,2.6,0.0
london,2026-01-29,3,2.4,0.0
london,2026-01-29,4,1.9,0.0
london,2026-01-29,5,1.8,0.0
london,2026-01-29,6,1.9,0.0
london,2026-01-29,7,2.5,0.0
london,2026-01-29,8,3.3,0.0
london,2026-01-29,9,4.2,0.0
london,2026-01-29,10,5.0,0.0
london,2026-01-29,11,5.8,0.0
london,2026-01-29,12,6.5,0.0
london,2026-01-29,13,6.8,0.0
london,2026-01-29,14,6.6,0.0
london,2026-01-29,15,6.3,0.0
london,2026-01-29,16,5.8,0.0
london,2026-01-29,17,5.2,0.0
london,2026-01-29,18,5.0,0.0
london,2026-01-29,19,4.8,0.0
london,2026-01-29,20,4.7,0.0
london,2026-01-29,21,4.7,0.0
london,2026-01-29,22,4.7,0.0
london,2026-01-29,23,4.6,0.0
london,2026-01-30,0,4.1,0.0
london,2026-01-30,1,3.9,0.3
london,2026-01-30,2,3.9,0.5
london,2026-01-30,3,4.1,0.0
london,2026-01-30,4,4.7,0.1
london,2026-01-30,5,5.5,0.5
london,2026-01-30,6,5.8,0.7
london,2026-01-30,7,6.1,0.1
london,2026-01-30,8,6.3,0.1
london,2026-01-30,9,6.9,0.0
london,2026-01-30,10,8.1,0.0
london,2026-01-30,11,9.5,0.0
london,2026-01-30,12,9.8,0.0
london,2026-01-30,13,10.4,0.1
london,2026-01-30,14,10.5,0.0
london,2026-01-30,15,10.0,0.0
london,2026-01-30,16,9.3,0.0
london,2026-01-30,17,8.8,0.0
london,2026-01-30,18,8.4,1.7
london,2026-01-30,19,8.6,0.9
london,2026-01-30,20,8.6,0.5
london,2026-01-30,21,7.6,0.0
london,2026-01-30,22,6.8,0.0
london,2026-01-30,23,6.9,0.0
london,2026-01-31,0,7.6,0.0
london,2026-01-31,1,7.4,0.0
london,2026-01-31,2,7.0,0.0
london,2026-01-31,3,6.7,0.0
london,2026-01-31,4,6.4,0.0
london,2026-01-31,5,5.9,0.0
london,2026-01-31,6,6.1,0.0
london,2026-01-31,7,6.0,0.0
london,2026-01-31,8,5.6,0.0
london,2026-01-31,9,6.4,0.0
london,2026-01-31,10,7.8,0.0
london,2026-01-31,11,8.7,0.0
london,2026-01-31,12,9.7,0.1
london,2026-01-31,13,8.8,0.4
london,2026-01-31,14,9.4,0.0
london,2026-01-31,15,9.4,0.0
london,2026-01-31,16,8.7,0.0
london,2026-01-31,17,8.1,0.1
london,2026-01-31,18,7.5,0.0
london,2026-01-31,19,7.3,0.0
london,2026-01-31,20,6.8,0.0
london,2026-01-31,21,6.9,0.0
london,2026-01-31,22,6.9,0.0
london,2026-01-31,23,6.7,0.9
london,2026-03-01,0,7.2,0.0
london,2026-03-01,1,7.0,0.0
london,2026-03-01,2,6.9,0.0
london,2026-03-01,3,7.2,0.0
london,2026-03-01,4,7.4,0.0
london,2026-03-01,5,8.0,0.0
london,2026-03-01,6,8.3,0.0
london,2026-03-01,7,8.4,0.0
london,2026-03-01,8,8.8,0.0
london,2026-03-01,9,9.4,0.0
london,2026-03-01,10,10.6,0.1
london,2026-03-01,11,9.9,0.2
london,2026-03-01,12,10.4,0.1
london,2026-03-01,13,11.9,0.0
london,2026-03-01,14,11.5,0.1
london,2026-03-01,15,12.5,0.1
london,2026-03-01,16,12.1,0.0
london,2026-03-01,17,11.4,0.0
london,2026-03-01,18,10.8,0.0
london,2026-03-01,19,10.8,0.0
london,2026-03-01,20,10.9,0.0
london,2026-03-01,21,10.8,0.0
london,2026-03-01,22,10.7,0.0
london,2026-03-01,23,10.5,0.0
london,2026-03-02,0,10.2,0.0
london,2026-03-02,1,9.8,0.0
london,2026-03-02,2,9.6,0.0
london,2026-03-02,3,9.4,0.0
london,2026-03-02,4,9.0,0.0
london,2026-03-02,5,8.9,0.0
london,2026-03-02,6,9.0,0.0
london,2026-03-02,7,8.8,0.0
london,2026-03-02,8,9.3,0.0
london,2026-03-02,9,10.3,0.0
london,2026-03-02,10,11.6,0.0
london,2026-03-02,11,12.7,0.0
london,2026-03-02,12,14.1,0.0
london,2026-03-02,13,14.7,0.0
london,2026-03-02,14,14.7,0.0
london,2026-03-02,15,14.4,0.0
london,2026-03-02,16,13.9,0.0
london,2026-03-02,17,12.9,0.0
london,2026-03-02,18,11.9,0.0
london,2026-03-02,19,11.3,0.0
london,2026-03-02,20,10.9,0.0
london,2026-03-02,21,10.5,0.0
london,2026-03-02,22,9.8,0.0
london,2026-03-02,23,9.2,0.0
london,2026-03-03,0,7.7,0.0
london,2026-03-03,1,7.4,0.0
london,2026-03-03,2,7.0,0.0
london,2026-03-03,3,6.5,0.0
london,2026-03-03,4,6.3,0.0
london,2026-03-03,5,6.1,0.0
london,2026-03-03,6,6.0,0.0
london,2026-03-03,7,6.4,0.0
london,2026-03-03,8,6.9,0.0
london,2026-03-03,9,8.2,0.0
london,2026-03-03,10,9.8,0.0
london,2026-03-03,11,11.3,0.0
london,2026-03-03,12,12.7,0.0
london,2026-03-03,13,13.6,0.0
london,2026-03-03,14,14.1,0.0
london,2026-03-03,15,14.2,0.0
london,2026-03-03,16,13.7,0.0
london,2026-03-03,17,12.6,0.0
london,2026-03-03,18,10.7,0.0
london,2026-03-03,19,9.3,0.0
london,2026-03-03,20,8.5,0.0
london,2026-03-03,21,7.9,0.0
london,2026-03-03,22,7.3,0.0
london,2026-03-03,23,6.8,0.0
london,2026-03-04,0,6.4,0.0
london,2026-03-04,1,6.2,0.0
london,2026-03-04,2,5.9,0.0
london,2026-03-04,3,5.6,0.0
london,2026-03-04,4,5.4,0.0
london,2026-03-04,5,5.3,0.0
london,2026-03-04,6,5.2,0.0
london,2026-03-04,7,5.4,0.0
london,2026-03-04,8,5.7,0.0
london,2026-03-04,9,6.3,0.0
london,2026-03-04,10,7.5,0.0
london,2026-03-04,11,9.4,0.0
london,2026-03-04,12,10.4,0.0
london,2026-03-04,13,11.7,0.0
london,2026-03-04,14,12.8,0.0
london,2026-03-04,15,13.3,0.0
london,2026-03-04,16,13.3,0.0
london,2026-03-04,17,12.4,0.0
london,2026-03-04,18,10.4,0.0
london,2026-03-04,19,9.3,0.0
london,2026-03-04,20,8.9,0.0
london,2026-03-04,21,8.9,0.0
london,2026-03-04,22,9.3,0.0
london,2026-03-04,23,9.6,0.0
london,2026-03-05,0,9.7,0.0
london,2026-03-05,1,9.1,0.0
london,2026-03-05,2,8.7,0.0
london,2026-03-05,3,8.4,0.0
london,2026-03-05,4,8.1,0.0
london,2026-03-05,5,7.8,0.0
london,2026-03-05,6,7.1,0.0
london,2026-03-05,7,6.9,0.0
london,2026-03-05,8,7.7,0.0
london,2026-03-05,9,9.5,0.0
london,2026-03-05,10,11.5,0.0
london,2026-03-05,11,13.3,0.0
london,2026-03-05,12,15.5,0.0
london,2026-03-05,13,16.6,0.0
london,2026-03-05,14,17.0,0.0
london,2026-03-05,15,16.9,0.0
london,2026-03-05,16,16.3,0.0
london,2026-03-05,17,15.0,0.0
london,2026-03-05,18,13.8,0.0
london,2026-03-05,19,12.8,0.0
london,2026-03-05,20,12.3,0.0
london,2026-03-05,21,12.1,0.0
london,2026-03-05,22,11.0,0.0
london,2026-03-05,23,10.8,0.0
london,2026-03-06,0,10.2,0.0
london,2026-03-06,1,10.1,0.0
london,2026-03-06,2,10.1,0.0
london,2026-03-06,3,9.7,0.0
london,2026-03-06,4,9.6,0.0
london,2026-03-06,5,9.7,0.0
london,2026-03-06,6,9.2,0.0
london,2026-03-06,7,8.6,0.0
london,2026-03-06,8,8.7,0.0
london,2026-03-06,9,9.2,0.0
london,2026-03-06,10,10.0,0.0
london,2026-03-06,11,11.0,0.0
london,2026-03-06,12,10.2,0.0
london,2026-03-06,13,10.2,0.1
london,2026-03-06,14,10.3,1.4
london,2026-03-06,15,9.2,1.6
london,2026-03-06,16,8.4,1.2
london,2026-03-06,17,8.3,0.5
london,2026-03-06,18,8.1,0.4
london,2026-03-06,19,7.9,0.2
london,2026-03-06,20,7.7,0.0
london,2026-03-06,21,7.5,0.0
london,2026-03-06,22,7.5,0.0
london,2026-03-06,23,7.6,0.0
london,2026-03-07,0,7.5,0.0
london,2026-03-07,1,7.3,0.0
london,2026-03-07,2,7.2,0.0
london,2026-03-07,3,7.1,0.0
london,2026-03-07,4,7.1,0.0
london,2026-03-07,5,7.1,0.0
london,2026-03-07,6,6.9,0.0
london,2026-03-07,7,7.0,0.0
london,2026-03-07,8,7.2,0.0
london,2026-03-07,9,7.7,0.0
london,2026-03-07,10,8.4,0.0
london,2026-03-07,11,9.1,0.0
london,2026-03-07,12,8.6,0.0
london,2026-03-07,13,9.1,0.0
london,2026-03-07,14,9.5,0.0
london,2026-03-07,15,9.8,0.0
london,2026-03-07,16,10.0,0.0
london,2026-03-07,17,9.7,0.0
london,2026-03-07,18,8.9,0.0
london,2026-03-07,19,8.5,0.0
london,2026-03-07,20,8.3,0.0
london,2026-03-07,21,8.3,0.0
london,2026-03-07,22,8.0,0.0
london,2026-03-07,23,7.6,0.0
london,2026-03-08,0,8.1,0.0
london,2026-03-08,1,7.9,0.0
london,2026-03-08,2,7.7,0.0
london,2026-03-08,3,7.5,0.0
london,2026-03-08,4,7.4,0.0
london,2026-03-08,5,7.3,0.0
london,2026-03-08,6,7.3,0.0
london,2026-03-08,7,7.2,0.0
london,2026-03-08,8,7.2,0.0
london,2026-03-08,9,7.6,0.0
london,2026-03-08,10,8.3,0.0
london,2026-03-08,11,9.2,0.0
london,2026-03-08,12,9.5,0.0
london,2026-03-08,13,10.2,0.0
london,2026-03-08,14,11.3,0.0
london,2026-03-08,15,12.2,0.0
london,2026-03-08,16,12.6,0.0
london,2026-03-08,17,12.5,0.0
london,2026-03-08,18,10.5,0.0
london,2026-03-08,19,8.8,0.0
london,2026-03-08,20,7.8,0.0
london,2026-03-08,21,7.7,0.0
london,2026-03-08,22,7.7,0.0
london,2026-03-08,23,7.8,0.0
london,2026-03-09,0,8.0,0.0
london,2026-03-09,1,7.9,0.0
london,2026-03-09,2,7.5,0.0
london,2026-03-09,3,7.1,0.0
london,2026-03-09,4,7.0,0.0
london,2026-03-09,5,7.1,0.0
london,2026-03-09,6,6.7,0.0
london,2026-03-09,7,6.9,0.0
london,2026-03-09,8,7.4,0.0
london,2026-03-09,9,8.2,0.0
london,2026-03-09,10,9.2,0.0
london,2026-03-09,11,10.6,0.0
london,2026-03-09,12,11.7,0.0
london,2026-03-09,13,13.2,0.0
london,2026-03-09,14,14.2,0.0
london,2026-03-09,15,14.0,0.0
london,2026-03-09,16,14.0,0.0
london,2026-03-09,17,13.6,0.2
london,2026-03-09,18,11.0,0.0
london,2026-03-09,19,10.5,0.0
london,2026-03-09,20,10.0,0.0
london,2026-03-09,21,9.6,0.0
london,2026-03-09,22,9.4,0.0
london,2026-03-09,23,9.4,0.0
london,2026-03-10,0,9.2,0.0
london,2026-03-10,1,9.1,0.0
london,2026-03-10,2,9.1,0.0
london,2026-03-10,3,9.1,0.0
london,2026-03-10,4,9.1,0.0
london,2026-03-10,5,9.1,0.0
london,2026-03-10,6,9.1,0.0
london,2026-03-10,7,9.1,0.0
london,2026-03-10,8,9.3,0.0
london,2026-03-10,9,9.7,0.0
london,2026-03-10,10,10.5,0.1
london,2026-03-10,11,11.1,0.1
london,2026-03-10,12,11.2,0.0
london,2026-03-10,13,11.9,0.0
london,2026-03-10,14,12.3,0.0
london,2026-03-10,15,12.2,0.0
london,2026-03-10,16,11.5,0.0
london,2026-03-10,17,10.8,0.0
london,2026-03-10,18,10.1,0.0
london,2026-03-10,19,9.6,0.0
london,2026-03-10,20,9.4,0.0
london,2026-03-10,21,9.7,0.0
london,2026-03-10,22,10.1,0.0
london,2026-03-10,23,10.2,0.2
london,2026-03-11,0,10.4,0.2
london,2026-03-11,1,10.1,0.2
london,2026-03-11,2,10.1,0.2
london,2026-03-11,3,10.1,0.5
london,2026-03-11,4,10.0,0.6
london,2026-03-11,5,10.4,0.0
london,2026-03-11,6,10.1,0.0
london,2026-03-11,7,9.0,0.0
london,2026-03-11,8,9.1,0.0
london,2026-03-11,9,9.8,0.0
london,2026-03-11,10,10.7,0.0
london,2026-03-11,11,11.3,0.0
london,2026-03-11,12,11.4,0.0
london,2026-03-11,13,11.9,0.0
london,2026-03-11,14,12.1,0.0
london,2026-03-11,15,12.0,0.0
london,2026-03-11,16,11.8,0.0
london,2026-03-11,17,11.1,0.0
london,2026-03-11,18,10.1,0.0
london,2026-03-11,19,9.3,0.0
london,2026-03-11,20,8.3,0.0
london,2026-03-11,21,7.6,0.0
london,2026-03-11,22,7.4,0.0
london,2026-03-11,23,7.0,0.0
london,2026-03-12,0,6.5,0.0
london,2026-03-12,1,6.5,0.0
london,2026-03-12,2,6.5,0.0
london,2026-03-12,3,6.7,0.0
london,2026-03-12,4,7.1,0.0
london,2026-03-12,5,7.4,0.0
london,2026-03-12,6,8.2,0.0
london,2026-03-12,7,8.6,0.0
london,2026-03-12,8,9.4,0.0
london,2026-03-12,9,10.0,0.0
london,2026-03-12,10,10.9,0.1
london,2026-03-12,11,11.2,0.0
london,2026-03-12,12,11.6,0.1
london,2026-03-12,13,11.4,0.0
london,2026-03-12,14,11.1,0.0
london,2026-03-12,15,11.0,0.0
london,2026-03-12,16,11.4,0.0
london,2026-03-12,17,11.6,0.0
london,2026-03-12,18,11.5,0.0
london,2026-03-12,19,11.4,0.0
london,2026-03-12,20,11.4,0.0
london,2026-03-12,21,11.4,0.1
london,2026-03-12,22,11.2,0.3
london,2026-03-12,23,11.3,0.1
london,2026-03-13,0,11.1,0.2
london,2026-03-13,1,11.1,0.3
london,2026-03-13,2,11.0,2.1
london,2026-03-13,3,10.5,2.5
london,2026-03-13,4,7.7,1.0
london,2026-03-13,5,7.4,0.0
london,2026-03-13,6,6.5,0.0
london,2026-03-13,7,6.5,0.0
london,2026-03-13,8,6.5,0.1
london,2026-03-13,9,6.6,0.0
london,2026-03-13,10,7.1,0.0
london,2026-03-13,11,7.5,0.0
london,2026-03-13,12,8.2,0.0
london,2026-03-13,13,8.7,0.0
london,2026-03-13,14,8.6,0.0
london,2026-03-13,15,8.4,0.1
london,2026-03-13,16,7.5,0.1
london,2026-03-13,17,6.8,0.0
london,2026-03-13,18,6.4,0.0
london,2026-03-13,19,5.8,0.0
london,2026-03-13,20,5.2,0.0
london,2026-03-13,21,4.6,0.0
london,2026-03-13,22,4.1,0.0
london,2026-03-13,23,3.5,0.0
london,2026-03-14,0,3.0,0.0
london,2026-03-14,1,2.7,0.0
london,2026-03-14,2,2.4,0.0
london,2026-03-14,3,2.3,0.0
london,2026-03-14,4,2.0,0.3
london,2026-03-14,5,1.8,0.3
london,2026-03-14,6,1.8,0.1
london,2026-03-14,7,2.3,0.0
london,2026-03-14,8,3.7,0.0
london,2026-03-14,9,5.3,0.0
london,2026-03-14,10,6.9,0.0
london,2026-03-14,11,8.2,0.0
london,2026-03-14,12,9.5,0.0
london,2026-03-14,13,10.1,0.0
london,2026-03-14,14,10.4,0.0
london,2026-03-14,15,10.4,0.0
london,2026-03-14,16,10.2,0.0
london,2026-03-14,17,9.6,0.0
london,2026-03-14,18,7.8,0.0
london,2026-03-14,19,7.8,0.0
london,2026-03-14,20,7.2,0.0
london,2026-03-14,21,6.5,0.0
london,2026-03-14,22,5.5,0.0
london,2026-03-14,23,5.2,0.0
london,2026-03-15,0,4.4,0.0
london,2026-03-15,1,3.7,0.0
london,2026-03-15,2,3.2,0.0
london,2026-03-15,3,2.7,0.0
london,2026-03-15,4,2.5,0.0
london,2026-03-15,5,2.4,0.0
london,2026-03-15,6,2.5,0.0
london,2026-03-15,7,3.1,0.0
london,2026-03-15,8,4.7,0.0
london,2026-03-15,9,6.8,0.0
london,2026-03-15,10,9.1,0.0
london,2026-03-15,11,10.3,0.0
london,2026-03-15,12,11.2,0.0
london,2026-03-15,13,11.6,0.0
london,2026-03-15,14,11.1,0.0
london,2026-03-15,15,10.5,0.0
london,2026-03-15,16,10.1,0.1
london,2026-03-15,17,9.4,1.1
london,2026-03-15,18,9.2,1.1
london,2026-03-15,19,8.2,0.2
london,2026-03-15,20,7.7,0.1
london,2026-03-15,21,7.1,0.0
london,2026-03-15,22,6.8,0.0
london,2026-03-15,23,6.6,0.0
london,2026-03-16,0,6.7,0.0
london,2026-03-16,1,6.4,0.0
london,2026-03-16,2,6.0,0.0
london,2026-03-16,3,5.6,0.0
london,2026-03-16,4,5.3,0.0
london,2026-03-16,5,5.3,0.0
london,2026-03-16,6,5.4,0.0
london,2026-03-16,7,5.6,0.0
london,2026-03-16,8,6.4,0.0
london,2026-03-16,9,7.3,0.0
london,2026-03-16,10,8.7,0.0
london,2026-03-16,11,9.4,0.0
london,2026-03-16,12,10.0,0.0
london,2026-03-16,13,11.3,0.0
london,2026-03-16,14,11.4,0.0
london,2026-03-16,15,11.7,0.0
london,2026-03-16,16,11.1,0.0
london,2026-03-16,17,10.9,0.0
london,2026-03-16,18,10.1,0.0
london,2026-03-16,19,9.9,0.0
london,2026-03-16,20,9.5,0.0
london,2026-03-16,21,9.3,0.0
london,2026-03-16,22,9.5,0.0
london,2026-03-16,23,9.8,0.0
london,2026-03-17,0,10.2,0.0
london,2026-03-17,1,10.1,0.0
london,2026-03-17,2,10.1,0.0
london,2026-03-17,3,10.1,0.0
london,2026-03-17,4,10.0,0.0
london,2026-03-17,5,9.9,0.0
london,2026-03-17,6,9.3,0.0
london,2026-03-17,7,9.0,0.0
london,2026-03-17,8,9.5,0.0
london,2026-03-17,9,10.4,0.0
london,2026-03-17,10,10.8,0.0
london,2026-03-17,11,11.2,0.0
london,2026-03-17,12,12.9,0.0
london,2026-03-17,13,13.5,0.0
london,2026-03-17,14,13.6,0.0
london,2026-03-17,15,13.4,0.0
london,2026-03-17,16,13.1,0.0
london,2026-03-17,17,12.7,0.0
london,2026-03-17,18,12.2,0.0
london,2026-03-17,19,11.5,0.0
london,2026-03-17,20,11.0,0.0
london,2026-03-17,21,10.8,0.0
london,2026-03-17,22,10.8,0.0
london,2026-03-17,23,10.7,0.0
london,2026-03-18,0,10.1,0.0
london,2026-03-18,1,9.9,0.0
london,2026-03-18,2,9.4,0.0
london,2026-03-18,3,9.1,0.0
london,2026-03-18,4,8.9,0.0
london,2026-03-18,5,8.5,0.0
london,2026-03-18,6,8.1,0.0
london,2026-03-18,7,8.5,0.0
london,2026-03-18,8,9.8,0.0
london,2026-03-18,9,11.4,0.0
london,2026-03-18,10,12.9,0.0
london,2026-03-18,11,14.2,0.0
london,2026-03-18,12,16.4,0.0
london,2026-03-18,13,17.1,0.0
london,2026-03-18,14,17.3,0.0
london,2026-03-18,15,17.2,0.0
london,2026-03-18,16,16.5,0.0
london,2026-03-18,17,14.6,0.0
london,2026-03-18,18,12.5,0.0
london,2026-03-18,19,11.2,0.0
london,2026-03-18,20,10.2,0.0
london,2026-03-18,21,9.4,0.0
london,2026-03-18,22,8.9,0.0
london,2026-03-18,23,8.5,0.0
london,2026-03-19,0,7.7,0.0
london,2026-03-19,1,7.5,0.0
london,2026-03-19,2,7.1,0.0
london,2026-03-19,3,6.7,0.0
london,2026-03-19,4,6.4,0.0
london,2026-03-19,5,6.1,0.0
london,2026-03-19,6,5.4,0.0
london,2026-03-19,7,5.7,0.0
london,2026-03-19,8,7.1,0.0
london,2026-03-19,9,9.1,0.0
london,2026-03-19,10,11.2,0.0
london,2026-03-19,11,13.0,0.0
london,2026-03-19,12,15.0,0.0
london,2026-03-19,13,15.5,0.0
london,2026-03-19,14,15.6,0.0
london,2026-03-19,15,15.4,0.0
london,2026-03-19,16,14.9,0.0
london,2026-03-19,17,14.0,0.0
london,2026-03-19,18,12.7,0.0
london,2026-03-19,19,11.7,0.0
london,2026-03-19,20,10.4,0.0
london,2026-03-19,21,9.4,0.0
london,2026-03-19,22,8.5,0.0
london,2026-03-19,23,7.7,0.0
london,2026-03-20,0,6.7,0.0
london,2026-03-20,1,6.3,0.0
london,2026-03-20,2,5.7,0.0
london,2026-03-20,3,5.3,0.0
london,2026-03-20,4,4.9,0.0
london,2026-03-20,5,4.5,0.0
london,2026-03-20,6,3.6,0.0
london,2026-03-20,7,3.9,0.0
london,2026-03-20,8,5.1,0.0
london,2026-03-20,9,7.0,0.0
london,2026-03-20,10,9.2,0.0
london,2026-03-20,11,10.7,0.0
london,2026-03-20,12,11.5,0.0
london,2026-03-20,13,12.2,0.0
london,2026-03-20,14,12.9,0.0
london,2026-03-20,15,13.0,0.0
london,2026-03-20,16,12.9,0.0
london,2026-03-20,17,12.4,0.0
london,2026-03-20,18,11.5,0.0
london,2026-03-20,19,10.2,0.0
london,2026-03-20,20,8.9,0.0
london,2026-03-20,21,7.9,0.0
london,2026-03-20,22,7.1,0.0
london,2026-03-20,23,6.4,0.0
london,2026-03-21,0,5.7,0.0
london,2026-03-21,1,5.3,0.0
london,2026-03-21,2,4.8,0.0
london,2026-03-21,3,4.2,0.0
london,2026-03-21,4,3.7,0.0
london,2026-03-21,5,3.4,0.0
london,2026-03-21,6,2.7,0.0
london,2026-03-21,7,3.0,0.0
london,2026-03-21,8,4.1,0.0
london,2026-03-21,9,5.8,0.0
london,2026-03-21,10,7.6,0.0
london,2026-03-21,11,9.3,0.0
london,2026-03-21,12,10.7,0.0
london,2026-03-21,13,11.7,0.0
london,2026-03-21,14,12.2,0.0
london,2026-03-21,15,12.4,0.0
london,2026-03-21,16,12.3,0.0
london,2026-03-21,17,11.8,0.0
london,2026-03-21,18,10.4,0.0
london,2026-03-21,19,10.0,0.0
london,2026-03-21,20,8.6,0.0
london,2026-03-21,21,7.2,0.0
london,2026-03-21,22,6.2,0.0
london,2026-03-21,23,5.6,0.0
london,2026-03-22,0,4.4,0.0
london,2026-03-22,1,4.4,0.0
london,2026-03-22,2,3.9,0.0
london,2026-03-22,3,3.5,0.0
london,2026-03-22,4,3.0,0.0
london,2026-03-22,5,2.6,0.0
london,2026-03-22,6,1.2,0.0
london,2026-03-22,7,1.9,0.0
london,2026-03-22,8,3.4,0.0
london,2026-03-22,9,4.9,0.0
london,2026-03-22,10,6.1,0.0
london,2026-03-22,11,7.8,0.0
london,2026-03-22,12,9.9,0.0
london,2026-03-22,13,10.7,0.0
london,2026-03-22,14,11.4,0.0
london,2026-03-22,15,11.4,0.0
london,2026-03-22,16,11.5,0.0
london,2026-03-22,17,11.4,0.0
london,2026-03-22,18,10.9,0.0
london,2026-03-22,19,10.6,0.0
london,2026-03-22,20,10.0,0.0
london,2026-03-22,21,9.2,0.0
london,2026-03-22,22,8.5,0.0
london,2026-03-22,23,8.1,0.0
london,2026-03-23,0,6.9,0.0
london,2026-03-23,1,6.9,0.0
london,2026-03-23,2,6.0,0.0
london,2026-03-23,3,5.8,0.0
london,2026-03-23,4,4.8,0.0
london,2026-03-23,5,4.4,0.0
london,2026-03-23,6,3.7,0.0
london,2026-03-23,7,4.6,0.0
london,2026-03-23,8,5.8,0.0
london,2026-03-23,9,7.4,0.0
london,2026-03-23,10,9.2,0.0
london,2026-03-23,11,10.8,0.0
london,2026-03-23,12,12.1,0.0
london,2026-03-23,13,13.2,0.0
london,2026-03-23,14,13.8,0.0
london,2026-03-23,15,14.4,0.0
london,2026-03-23,16,14.9,0.0
london,2026-03-23,17,14.5,0.0
london,2026-03-23,18,13.2,0.0
london,2026-03-23,19,11.6,0.0
london,2026-03-23,20,10.6,0.0
london,2026-03-23,21,10.2,0.0
london,2026-03-23,22,9.6,0.0
london,2026-03-23,23,9.1,0.0
london,2026-03-24,0,9.2,0.0
london,2026-03-24,1,9.2,0.0
london,2026-03-24,2,9.1,0.0
london,2026-03-24,3,8.8,0.0
london,2026-03-24,4,8.7,0.0
london,2026-03-24,5,8.7,0.0
london,2026-03-24,6,8.8,0.0
london,2026-03-24,7,9.0,0.0
london,2026-03-24,8,9.9,0.0
london,2026-03-24,9,10.9,0.0
london,2026-03-24,10,11.9,0.0
london,2026-03-24,11,12.8,0.0
london,2026-03-24,12,13.1,0.0
london,2026-03-24,13,12.6,0.0
london,2026-03-24,14,12.6,0.0
london,2026-03-24,15,12.1,0.0
london,2026-03-24,16,11.9,0.0
london,2026-03-24,17,11.3,0.0
london,2026-03-24,18,11.2,0.0
london,2026-03-24,19,10.9,0.0
london,2026-03-24,20,10.8,0.0
london,2026-03-24,21,10.8,0.2
london,2026-03-24,22,10.2,1.5
london,2026-03-24,23,9.3,0.2
london,2026-03-25,0,8.7,0.0
london,2026-03-25,1,8.1,0.0
london,2026-03-25,2,7.6,0.0
london,2026-03-25,3,7.1,0.0
london,2026-03-25,4,6.5,0.0
london,2026-03-25,5,6.0,0.0
london,2026-03-25,6,6.1,0.1
london,2026-03-25,7,6.2,0.0
london,2026-03-25,8,6.4,0.0
london,2026-03-25,9,6.7,0.0
london,2026-03-25,10,6.9,0.0
london,2026-03-25,11,7.7,0.0
london,2026-03-25,12,8.4,0.5
london,2026-03-25,13,8.8,0.5
london,2026-03-25,14,8.7,1.1
london,2026-03-25,15,8.5,0.2
london,2026-03-25,16,7.9,0.4
london,2026-03-25,17,7.4,0.3
london,2026-03-25,18,6.0,0.0
london,2026-03-25,19,5.5,0.0
london,2026-03-25,20,5.2,0.0
london,2026-03-25,21,4.8,0.0
london,2026-03-25,22,4.4,0.0
london,2026-03-25,23,4.2,0.0
london,2026-03-26,0,3.9,0.0
london,2026-03-26,1,3.5,0.0
london,2026-03-26,2,3.2,0.0
london,2026-03-26,3,2.9,0.0
london,2026-03-26,4,2.7,0.0
london,2026-03-26,5,2.3,0.0
london,2026-03-26,6,2.1,0.0
london,2026-03-26,7,2.6,0.0
london,2026-03-26,8,3.8,0.0
london,2026-03-26,9,5.3,0.0
london,2026-03-26,10,6.6,0.0
london,2026-03-26,11,7.5,0.0
london,2026-03-26,12,8.3,0.0
london,2026-03-26,13,9.0,0.0
london,2026-03-26,14,9.3,0.0
london,2026-03-26,15,9.6,0.0
london,2026-03-26,16,9.4,0.0
london,2026-03-26,17,8.9,0.0
london,2026-03-26,18,8.2,0.0
london,2026-03-26,19,7.8,0.0
london,2026-03-26,20,7.2,0.0
london,2026-03-26,21,6.3,0.0
london,2026-03-26,22,6.0,0.0
london,2026-03-26,23,5.7,0.0
london,2026-03-27,0,5.7,0.0
london,2026-03-27,1,6.2,0.0
london,2026-03-27,2,6.1,0.0
london,2026-03-27,3,5.9,0.0
london,2026-03-27,4,5.7,0.0
london,2026-03-27,5,5.7,0.0
london,2026-03-27,6,5.8,0.0
london,2026-03-27,7,6.7,0.0
london,2026-03-27,8,8.2,0.0
london,2026-03-27,9,9.5,0.0
london,2026-03-27,10,9.8,0.0
london,2026-03-27,11,10.5,0.1
london,2026-03-27,12,11.3,0.0
london,2026-03-27,13,11.9,0.1
london,2026-03-27,14,11.6,0.2
london,2026-03-27,15,11.5,0.2
london,2026-03-27,16,11.2,0.2
london,2026-03-27,17,11.1,0.0
london,2026-03-27,18,11.3,0.1
london,2026-03-27,19,11.0,0.2
london,2026-03-27,20,10.6,0.0
london,2026-03-27,21,9.6,0.0
london,2026-03-27,22,8.4,0.0
london,2026-03-27,23,7.2,0.0
london,2026-03-28,0,6.9,0.0
london,2026-03-28,1,6.7,0.0
london,2026-03-28,2,6.7,0.0
london,2026-03-28,3,5.9,0.0
london,2026-03-28,4,5.1,0.0
london,2026-03-28,5,4.3,0.0
london,2026-03-28,6,3.9,0.0
london,2026-03-28,7,4.3,0.0
london,2026-03-28,8,5.2,0.0
london,2026-03-28,9,6.5,0.0
london,2026-03-28,10,7.7,0.0
london,2026-03-28,11,8.6,0.0
london,2026-03-28,12,9.6,0.1
london,2026-03-28,13,10.3,0.0
london,2026-03-28,14,9.3,0.2
london,2026-03-28,15,9.4,0.0
london,2026-03-28,16,9.3,0.1
london,2026-03-28,17,8.5,0.1
london,2026-03-28,18,8.1,0.0
london,2026-03-28,19,7.2,0.0
london,2026-03-28,20,6.5,0.0
london,2026-03-28,21,5.9,0.0
london,2026-03-28,22,5.4,0.0
london,2026-03-28,23,5.0,0.0
london,2026-03-29,0,4.6,0.0
london,2026-03-29,1,4.2,0.0
london,2026-03-29,2,3.8,0.0
london,2026-03-29,3,3.5,0.0
london,2026-03-29,4,3.2,0.0
london,2026-03-29,5,2.7,0.0
london,2026-03-29,6,2.3,0.0
london,2026-03-29,7,3.0,0.0
london,2026-03-29,8,4.6,0.0
london,2026-03-29,9,6.6,0.0
london,2026-03-29,10,8.4,0.0
london,2026-03-29,11,9.5,0.0
london,2026-03-29,12,10.0,0.0
london,2026-03-29,13,10.0,0.0
london,2026-03-29,14,9.9,0.1
london,2026-03-29,15,9.2,0.4
london,2026-03-29,16,9.1,0.0
london,2026-03-29,17,9.1,0.0
london,2026-03-29,18,9.1,0.0
london,2026-03-29,19,9.2,0.0
london,2026-03-29,20,9.5,0.0
london,2026-03-29,21,9.5,0.0
london,2026-03-29,22,9.3,0.0
london,2026-03-29,23,9.1,0.0
london,2026-03-30,0,8.8,0.0
london,2026-03-30,1,8.4,0.0
london,2026-03-30,2,8.0,0.0
london,2026-03-30,3,7.6,0.0
london,2026-03-30,4,7.2,0.0
london,2026-03-30,5,6.8,0.0
london,2026-03-30,6,6.5,0.0
london,2026-03-30,7,6.9,0.0
london,2026-03-30,8,8.2,0.0
london,2026-03-30,9,9.2,0.1
london,2026-03-30,10,10.0,0.0
london,2026-03-30,11,10.7,0.0
london,2026-03-30,12,10.7,0.1
london,2026-03-30,13,11.1,0.0
london,2026-03-30,14,11.2,0.0
london,2026-03-30,15,11.2,0.0
london,2026-03-30,16,11.1,0.0
london,2026-03-30,17,10.7,0.0
london,2026-03-30,18,10.4,0.0
london,2026-03-30,19,9.4,0.0
london,2026-03-30,20,8.7,0.0
london,2026-03-30,21,8.2,0.0
london,2026-03-30,22,7.7,0.0
london,2026-03-30,23,7.1,0.0
london,2026-03-31,0,7.2,0.0
london,2026-03-31,1,7.3,0.0
london,2026-03-31,2,7.7,0.0
london,2026-03-31,3,7.4,0.0
london,2026-03-31,4,7.8,0.0
london,2026-03-31,5,7.9,0.0
london,2026-03-31,6,8.1,0.0
london,2026-03-31,7,8.4,0.0
london,2026-03-31,8,9.0,0.0
london,2026-03-31,9,10.2,0.0
london,2026-03-31,10,11.7,0.0
london,2026-03-31,11,13.5,0.1
london,2026-03-31,12,13.8,0.1
london,2026-03-31,13,15.5,0.1
london,2026-03-31,14,15.8,0.0
london,2026-03-31,15,16.1,0.0
london,2026-03-31,16,16.4,0.0
london,2026-03-31,17,16.0,0.0
london,2026-03-31,18,15.1,0.0
london,2026-03-31,19,14.5,0.0
london,2026-03-31,20,13.5,0.0
london,2026-03-31,21,12.9,0.0
london,2026-03-31,22,12.1,0.1
london,2026-03-31,23,11.2,0.0
london,2026-04-01,0,10.7,0.0
london,2026-04-01,1,10.0,0.0
london,2026-04-01,2,9.5,0.0
london,2026-04-01,3,9.1,0.0
london,2026-04-01,4,8.8,0.0
london,2026-04-01,5,8.8,0.0
london,2026-04-01,6,8.8,0.0
london,2026-04-01,7,9.3,0.0
london,2026-04-01,8,10.2,0.0
london,2026-04-01,9,11.3,0.0
london,2026-04-01,10,12.6,0.0
london,2026-04-01,11,13.3,0.0
london,2026-04-01,12,13.4,0.1
london,2026-04-01,13,13.6,0.0
london,2026-04-01,14,13.7,0.0
london,2026-04-01,15,13.5,0.0
london,2026-04-01,16,13.2,0.0
london,2026-04-01,17,12.7,0.0
london,2026-04-01,18,12.3,0.0
london,2026-04-01,19,11.8,0.0
london,2026-04-01,20,11.2,0.0
london,2026-04-01,21,10.5,0.0
london,2026-04-01,22,9.5,0.0
london,2026-04-01,23,9.3,0.0
london,2026-05-01,0,14.0,0.0
london,2026-05-01,1,13.2,0.0
london,2026-05-01,2,12.6,0.0
london,2026-05-01,3,12.0,0.0
london,2026-05-01,4,11.3,0.0
london,2026-05-01,5,10.8,0.0
london,2026-05-01,6,11.7,0.0
london,2026-05-01,7,13.5,0.0
london,2026-05-01,8,15.8,0.0
london,2026-05-01,9,18.2,0.0
london,2026-05-01,10,20.6,0.0
london,2026-05-01,11,22.4,0.0
london,2026-05-01,12,23.6,0.0
london,2026-05-01,13,24.2,0.0
london,2026-05-01,14,24.1,0.0
london,2026-05-01,15,23.1,0.0
london,2026-05-01,16,22.5,0.0
london,2026-05-01,17,21.6,0.0
london,2026-05-01,18,20.9,0.0
london,2026-05-01,19,19.7,0.0
london,2026-05-01,20,18.4,0.0
london,2026-05-01,21,17.1,0.0
london,2026-05-01,22,15.9,0.0
london,2026-05-01,23,14.6,0.0
london,2026-05-02,0,13.3,0.0
london,2026-05-02,1,12.6,0.0
london,2026-05-02,2,12.1,0.0
london,2026-05-02,3,11.6,0.0
london,2026-05-02,4,11.1,0.0
london,2026-05-02,5,10.7,0.0
london,2026-05-02,6,11.0,0.0
london,2026-05-02,7,12.1,0.0
london,2026-05-02,8,13.9,0.0
london,2026-05-02,9,15.9,0.0
london,2026-05-02,10,17.7,0.0
london,2026-05-02,11,19.3,0.0
london,2026-05-02,12,20.4,0.0
london,2026-05-02,13,21.9,0.0
london,2026-05-02,14,22.5,0.0
london,2026-05-02,15,22.5,0.0
london,2026-05-02,16,22.2,0.0
london,2026-05-02,17,19.8,0.1
london,2026-05-02,18,17.6,0.5
london,2026-05-02,19,15.5,6.7
london,2026-05-02,20,15.3,0.5
london,2026-05-02,21,15.1,0.0
london,2026-05-02,22,14.7,0.0
london,2026-05-02,23,14.2,0.0
london,2026-05-03,0,13.9,0.0
london,2026-05-03,1,13.6,0.0
london,2026-05-03,2,13.6,0.0
london,2026-05-03,3,13.2,0.0
london,2026-05-03,4,12.9,0.0
london,2026-05-03,5,12.6,0.0
london,2026-05-03,6,12.9,0.0
london,2026-05-03,7,13.4,0.0
london,2026-05-03,8,14.1,0.0
london,2026-05-03,9,15.4,0.0
london,2026-05-03,10,16.7,0.0
london,2026-05-03,11,17.9,0.0
london,2026-05-03,12,18.2,0.0
london,2026-05-03,13,19.0,0.0
london,2026-05-03,14,19.2,0.0
london,2026-05-03,15,18.7,0.0
london,2026-05-03,16,17.2,1.3
london,2026-05-03,17,16.3,0.1
london,2026-05-03,18,16.2,0.0
london,2026-05-03,19,16.0,0.0
london,2026-05-03,20,15.6,0.0
london,2026-05-03,21,14.9,0.1
london,2026-05-03,22,14.5,0.1
london,2026-05-03,23,13.9,0.0
london,2026-05-04,0,12.9,0.0
london,2026-05-04,1,12.8,0.1
london,2026-05-04,2,12.6,0.0
london,2026-05-04,3,12.2,0.0
london,2026-05-04,4,11.7,0.0
london,2026-05-04,5,11.6,0.0
london,2026-05-04,6,11.8,0.0
london,2026-05-04,7,12.1,0.0
london,2026-05-04,8,12.6,0.0
london,2026-05-04,9,13.3,0.0
london,2026-05-04,10,14.0,0.0
london,2026-05-04,11,14.8,0.1
london,2026-05-04,12,15.1,0.1
london,2026-05-04,13,15.8,0.0
london,2026-05-04,14,16.3,0.1
london,2026-05-04,15,16.3,0.0
london,2026-05-04,16,16.3,0.0
london,2026-05-04,17,15.9,0.0
london,2026-05-04,18,15.1,0.0
london,2026-05-04,19,14.7,0.0
london,2026-05-04,20,14.2,0.0
london,2026-05-04,21,13.8,0.0
london,2026-05-04,22,13.3,0.0
london,2026-05-04,23,12.7,0.0
london,2026-05-05,0,12.6,0.0
london,2026-05-05,1,12.4,0.0
london,2026-05-05,2,12.1,0.0
london,2026-05-05,3,11.8,0.0
london,2026-05-05,4,11.4,0.0
london,2026-05-05,5,11.3,0.0
london,2026-05-05,6,11.6,0.0
london,2026-05-05,7,12.0,0.0
london,2026-05-05,8,12.7,0.0
london,2026-05-05,9,13.2,0.1
london,2026-05-05,10,14.2,0.0
london,2026-05-05,11,15.6,0.0
london,2026-05-05,12,16.3,0.0
london,2026-05-05,13,16.5,0.0
london,2026-05-05,14,16.0,0.0
london,2026-05-05,15,16.0,0.0
london,2026-05-05,16,15.7,0.0
london,2026-05-05,17,15.1,0.0
london,2026-05-05,18,15.1,0.0
london,2026-05-05,19,14.3,0.0
london,2026-05-05,20,12.6,0.1
london,2026-05-05,21,11.9,0.3
london,2026-05-05,22,11.4,0.2
london,2026-05-05,23,10.9,0.4
london,2026-05-06,0,10.7,0.0
london,2026-05-06,1,10.0,0.0
london,2026-05-06,2,9.3,0.0
london,2026-05-06,3,9.1,0.0
london,2026-05-06,4,8.8,0.0
london,2026-05-06,5,8.4,0.0
london,2026-05-06,6,8.5,0.0
london,2026-05-06,7,8.8,0.0
london,2026-05-06,8,9.8,0.0
london,2026-05-06,9,11.1,0.0
london,2026-05-06,10,12.4,0.0
london,2026-05-06,11,12.2,0.0
london,2026-05-06,12,12.3,0.1
london,2026-05-06,13,12.9,0.0
london,2026-05-06,14,13.3,0.0
london,2026-05-06,15,13.1,0.1
london,2026-05-06,16,13.1,0.0
london,2026-05-06,17,12.9,0.0
london,2026-05-06,18,12.0,0.0
london,2026-05-06,19,11.9,0.0
london,2026-05-06,20,11.2,0.0
london,2026-05-06,21,10.2,0.0
london,2026-05-06,22,9.5,0.0
london,2026-05-06,23,9.2,0.0
london,2026-05-07,0,8.8,0.0
london,2026-05-07,1,8.2,0.0
london,2026-05-07,2,7.8,0.0
london,2026-05-07,3,7.5,0.0
london,2026-05-07,4,7.5,0.1
london,2026-05-07,5,7.7,0.0
london,2026-05-07,6,8.2,0.0
london,2026-05-07,7,9.5,0.0
london,2026-05-07,8,10.9,0.0
london,2026-05-07,9,11.8,0.1
london,2026-05-07,10,12.9,0.1
london,2026-05-07,11,13.6,0.1
london,2026-05-07,12,14.0,0.0
london,2026-05-07,13,14.3,0.0
london,2026-05-07,14,14.9,0.0
london,2026-05-07,15,15.0,0.0
london,2026-05-07,16,14.9,0.0
london,2026-05-07,17,14.7,0.0
london,2026-05-07,18,13.4,0.0
london,2026-05-07,19,12.5,0.0
london,2026-05-07,20,12.0,0.0
london,2026-05-07,21,11.9,0.0
london,2026-05-07,22,11.5,0.0
london,2026-05-07,23,11.1,0.0
london,2026-05-08,0,10.3,0.0
london,2026-05-08,1,9.8,0.0
london,2026-05-08,2,9.2,0.0
london,2026-05-08,3,8.7,0.0
london,2026-05-08,4,8.3,0.0
london,2026-05-08,5,8.3,0.0
london,2026-05-08,6,9.3,0.0
london,2026-05-08,7,10.6,0.0
london,2026-05-08,8,11.3,0.0
london,2026-05-08,9,12.9,0.0
london,2026-05-08,10,14.7,0.0
london,2026-05-08,11,16.0,0.0
london,2026-05-08,12,16.8,0.0
london,2026-05-08,13,16.4,0.0
london,2026-05-08,14,16.8,0.0
london,2026-05-08,15,17.9,0.0
london,2026-05-08,16,18.5,0.0
london,2026-05-08,17,18.1,0.0
london,2026-05-08,18,17.3,0.0
london,2026-05-08,19,16.2,0.0
london,2026-05-08,20,15.2,0.0
london,2026-05-08,21,14.4,0.0
london,2026-05-08,22,13.7,0.0
london,2026-05-08,23,12.8,0.0
london,2026-05-09,0,11.5,0.0
london,2026-05-09,1,10.9,0.0
london,2026-05-09,2,10.3,0.0
london,2026-05-09,3,9.9,0.0
london,2026-05-09,4,9.6,0.0
london,2026-05-09,5,9.5,0.0
london,2026-05-09,6,10.6,0.0
london,2026-05-09,7,12.3,0.0
london,2026-05-09,8,14.5,0.0
london,2026-05-09,9,16.7,0.0
london,2026-05-09,10,18.4,0.0
london,2026-05-09,11,19.2,0.0
london,2026-05-09,12,20.0,0.0
london,2026-05-09,13,20.8,0.0
london,2026-05-09,14,21.1,0.0
london,2026-05-09,15,20.9,0.0
london,2026-05-09,16,20.1,0.0
london,2026-05-09,17,19.3,0.0
london,2026-05-09,18,18.3,0.0
london,2026-05-09,19,17.0,0.0
london,2026-05-09,20,16.1,0.0
london,2026-05-09,21,15.2,0.0
london,2026-05-09,22,14.4,0.0
london,2026-05-09,23,13.5,0.0
london,2026-05-10,0,11.8,0.0
london,2026-05-10,1,11.0,0.0
london,2026-05-10,2,10.2,0.0
london,2026-05-10,3,9.7,0.0
london,2026-05-10,4,9.3,0.0
london,2026-05-10,5,9.2,0.0
london,2026-05-10,6,9.8,0.0
london,2026-05-10,7,10.6,0.0
london,2026-05-10,8,11.4,0.0
london,2026-05-10,9,12.4,0.0
london,2026-05-10,10,13.6,0.0
london,2026-05-10,11,13.6,0.0
london,2026-05-10,12,12.2,0.0
london,2026-05-10,13,12.2,0.3
london,2026-05-10,14,12.8,0.0
london,2026-05-10,15,13.1,0.0
london,2026-05-10,16,13.5,0.0
london,2026-05-10,17,13.1,0.0
london,2026-05-10,18,12.5,0.0
london,2026-05-10,19,11.7,0.0
london,2026-05-10,20,10.8,0.0
london,2026-05-10,21,9.8,0.0
london,2026-05-10,22,8.7,0.0
london,2026-05-10,23,7.8,0.0
london,2026-05-11,0,6.4,0.0
london,2026-05-11,1,5.9,0.0
london,2026-05-11,2,5.5,0.0
london,2026-05-11,3,5.0,0.0
london,2026-05-11,4,4.7,0.0
london,2026-05-11,5,4.9,0.0
london,2026-05-11,6,6.4,0.0
london,2026-05-11,7,8.4,0.0
london,2026-05-11,8,9.8,0.0
london,2026-05-11,9,10.0,0.1
london,2026-05-11,10,10.5,0.1
london,2026-05-11,11,10.3,0.0
london,2026-05-11,12,9.9,0.3
london,2026-05-11,13,9.2,0.2
london,2026-05-11,14,10.2,0.0
london,2026-05-11,15,11.7,0.0
london,2026-05-11,16,12.0,0.0
london,2026-05-11,17,11.7,0.0
london,2026-05-11,18,11.6,0.0
london,2026-05-11,19,10.8,0.0
london,2026-05-11,20,10.1,0.0
london,2026-05-11,21,9.4,0.0
london,2026-05-11,22,8.5,0.0
london,2026-05-11,23,7.7,0.0
london,2026-05-12,0,6.2,0.0
london,2026-05-12,1,5.8,0.0
london,2026-05-12,2,5.3,0.0
london,2026-05-12,3,4.9,0.0
london,2026-05-12,4,4.3,0.0
london,2026-05-12,5,4.2,0.0
london,2026-05-12,6,5.7,0.0
london,2026-05-12,7,7.7,0.0
london,2026-05-12,8,9.8,0.0
london,2026-05-12,9,11.4,0.0
london,2026-05-12,10,12.6,0.0
london,2026-05-12,11,14.1,0.0
london,2026-05-12,12,15.4,0.0
london,2026-05-12,13,15.0,0.0
london,2026-05-12,14,15.3,0.0
london,2026-05-12,15,15.5,0.0
london,2026-05-12,16,15.1,0.0
london,2026-05-12,17,14.6,0.1
london,2026-05-12,18,14.7,0.0
london,2026-05-12,19,13.9,0.0
london,2026-05-12,20,12.9,0.0
london,2026-05-12,21,12.1,0.0
london,2026-05-12,22,11.6,0.0
london,2026-05-12,23,10.8,0.0
london,2026-05-13,0,9.5,0.0
london,2026-05-13,1,8.7,0.0
london,2026-05-13,2,8.6,0.0
london,2026-05-13,3,8.9,0.0
london,2026-05-13,4,9.0,0.1
london,2026-05-13,5,9.0,0.1
london,2026-05-13,6,9.4,0.1
london,2026-05-13,7,10.4,0.1
london,2026-05-13,8,11.6,0.0
london,2026-05-13,9,11.7,0.2
london,2026-05-13,10,13.0,0.0
london,2026-05-13,11,11.6,0.6
london,2026-05-13,12,11.9,0.1
london,2026-05-13,13,11.1,0.9
london,2026-05-13,14,13.0,0.0
london,2026-05-13,15,10.7,1.3
london,2026-05-13,16,12.8,0.1
london,2026-05-13,17,9.6,2.0
london,2026-05-13,18,10.5,0.5
london,2026-05-13,19,10.1,0.0
london,2026-05-13,20,9.4,0.0
london,2026-05-13,21,9.0,0.0
london,2026-05-13,22,8.4,0.0
london,2026-05-13,23,8.0,0.0
london,2026-05-14,0,7.7,0.0
london,2026-05-14,1,7.3,0.1
london,2026-05-14,2,6.9,0.0
london,2026-05-14,3,6.4,0.1
london,2026-05-14,4,6.1,0.1
london,2026-05-14,5,6.1,0.2
london,2026-05-14,6,7.6,0.0
london,2026-05-14,7,8.3,0.0
london,2026-05-14,8,9.1,0.1
london,2026-05-14,9,9.8,0.1
london,2026-05-14,10,10.7,0.0
london,2026-05-14,11,11.8,0.1
london,2026-05-14,12,10.0,0.1
london,2026-05-14,13,11.5,0.4
london,2026-05-14,14,10.2,1.2
london,2026-05-14,15,10.1,0.2
london,2026-05-14,16,11.1,0.1
london,2026-05-14,17,9.7,1.2
london,2026-05-14,18,10.2,0.0
london,2026-05-14,19,10.0,0.0
london,2026-05-14,20,8.8,0.0
london,2026-05-14,21,8.1,0.0
london,2026-05-14,22,7.6,0.0
london,2026-05-14,23,7.2,0.0
london,2026-05-15,0,6.6,0.0
london,2026-05-15,1,6.4,0.0
london,2026-05-15,2,6.2,0.0
london,2026-05-15,3,6.1,0.0
london,2026-05-15,4,5.9,0.0
london,2026-05-15,5,6.1,0.0
london,2026-05-15,6,7.0,0.0
london,2026-05-15,7,8.4,0.0
london,2026-05-15,8,9.7,0.0
london,2026-05-15,9,10.7,0.0
london,2026-05-15,10,11.2,0.2
london,2026-05-15,11,12.1,0.1
london,2026-05-15,12,12.3,0.3
london,2026-05-15,13,13.3,0.1
london,2026-05-15,14,13.8,0.1
london,2026-05-15,15,14.3,0.0
london,2026-05-15,16,14.5,0.0
london,2026-05-15,17,13.9,0.0
london,2026-05-15,18,13.4,0.0
london,2026-05-15,19,12.7,0.0
london,2026-05-15,20,11.5,0.0
london,2026-05-15,21,11.0,0.0
london,2026-05-15,22,10.7,0.0
london,2026-05-15,23,9.4,0.0
london,2026-05-16,0,8.9,0.0
london,2026-05-16,1,8.3,0.0
london,2026-05-16,2,7.5,0.0
london,2026-05-16,3,6.9,0.0
london,2026-05-16,4,6.2,0.0
london,2026-05-16,5,6.0,0.0
london,2026-05-16,6,7.3,0.0
london,2026-05-16,7,8.8,0.0
london,2026-05-16,8,10.6,0.0
london,2026-05-16,9,11.6,0.2
london,2026-05-16,10,12.4,0.0
london,2026-05-16,11,12.8,0.1
london,2026-05-16,12,14.7,0.0
london,2026-05-16,13,14.7,0.1
london,2026-05-16,14,14.8,0.0
london,2026-05-16,15,15.0,0.0
london,2026-05-16,16,14.0,0.0
london,2026-05-16,17,13.3,0.0
london,2026-05-16,18,12.5,0.3
london,2026-05-16,19,11.9,0.6
london,2026-05-16,20,11.6,0.2
london,2026-05-16,21,11.4,0.0
london,2026-05-16,22,11.3,0.0
london,2026-05-16,23,11.1,0.0
london,2026-05-17,0,10.4,0.1
london,2026-05-17,1,10.2,0.6
london,2026-05-17,2,10.2,0.2
london,2026-05-17,3,9.6,0.0
london,2026-05-17,4,9.1,0.0
london,2026-05-17,5,8.9,0.0
london,2026-05-17,6,9.7,0.0
london,2026-05-17,7,10.8,0.0
london,2026-05-17,8,12.1,0.0
london,2026-05-17,9,13.4,0.0
london,2026-05-17,10,14.3,0.0
london,2026-05-17,11,15.0,0.0
london,2026-05-17,12,16.0,0.0
london,2026-05-17,13,16.1,0.0
london,2026-05-17,14,16.2,0.0
london,2026-05-17,15,16.5,0.0
london,2026-05-17,16,15.5,0.0
london,2026-05-17,17,13.2,0.0
london,2026-05-17,18,13.4,0.7
london,2026-05-17,19,12.4,0.0
london,2026-05-17,20,11.6,0.0
london,2026-05-17,21,10.8,0.0
london,2026-05-17,22,10.1,0.0
london,2026-05-17,23,9.4,0.0
london,2026-05-18,0,8.8,0.0
london,2026-05-18,1,8.1,0.0
london,2026-05-18,2,7.7,0.0
london,2026-05-18,3,7.8,0.0
london,2026-05-18,4,7.7,0.1
london,2026-05-18,5,8.0,0.1
london,2026-05-18,6,9.1,0.1
london,2026-05-18,7,10.4,0.1
london,2026-05-18,8,11.8,0.0
london,2026-05-18,9,12.7,0.1
london,2026-05-18,10,13.2,0.1
london,2026-05-18,11,14.2,0.0
london,2026-05-18,12,14.2,1.3
london,2026-05-18,13,15.0,0.1
london,2026-05-18,14,13.2,0.6
london,2026-05-18,15,13.6,0.0
london,2026-05-18,16,13.3,0.4
london,2026-05-18,17,12.9,0.0
london,2026-05-18,18,12.9,0.0
london,2026-05-18,19,12.3,0.0
london,2026-05-18,20,12.2,0.0
london,2026-05-18,21,11.8,0.0
london,2026-05-18,22,11.2,0.0
london,2026-05-18,23,11.2,0.0
london,2026-05-19,0,11.3,0.1
london,2026-05-19,1,11.4,0.1
london,2026-05-19,2,11.4,0.3
london,2026-05-19,3,11.5,0.5
london,2026-05-19,4,11.4,1.0
london,2026-05-19,5,11.4,0.6
london,2026-05-19,6,12.2,0.2
london,2026-05-19,7,12.7,0.1
london,2026-05-19,8,13.7,0.1
london,2026-05-19,9,14.0,0.0
london,2026-05-19,10,15.4,0.1
london,2026-05-19,11,17.2,0.0
london,2026-05-19,12,17.8,0.1
london,2026-05-19,13,17.5,0.1
london,2026-05-19,14,17.0,0.4
london,2026-05-19,15,16.5,0.0
london,2026-05-19,16,16.0,0.0
london,2026-05-19,17,15.8,0.2
london,2026-05-19,18,15.6,0.1
london,2026-05-19,19,14.7,0.1
london,2026-05-19,20,13.8,0.0
london,2026-05-19,21,13.3,0.0
london,2026-05-19,22,12.9,0.0
london,2026-05-19,23,12.7,0.0
london,2026-05-20,0,12.9,0.0
london,2026-05-20,1,12.3,0.4
london,2026-05-20,2,12.3,0.1
london,2026-05-20,3,12.0,0.2
london,2026-05-20,4,11.9,0.2
london,2026-05-20,5,11.8,0.0
london,2026-05-20,6,12.7,0.0
london,2026-05-20,7,13.7,0.0
london,2026-05-20,8,14.6,0.0
london,2026-05-20,9,15.8,0.0
london,2026-05-20,10,16.0,0.0
london,2026-05-20,11,17.1,0.0
london,2026-05-20,12,18.4,0.0
london,2026-05-20,13,18.8,0.0
london,2026-05-20,14,19.2,0.0
london,2026-05-20,15,18.9,0.0
london,2026-05-20,16,18.3,0.1
london,2026-05-20,17,18.5,0.0
london,2026-05-20,18,18.0,0.0
london,2026-05-20,19,16.9,0.0
london,2026-05-20,20,15.9,0.0
london,2026-05-20,21,15.1,0.0
london,2026-05-20,22,14.3,0.0
london,2026-05-20,23,13.4,0.0
london,2026-05-21,0,12.6,0.0
london,2026-05-21,1,12.0,0.0
london,2026-05-21,2,11.5,0.0
london,2026-05-21,3,11.1,0.0
london,2026-05-21,4,11.0,0.0
london,2026-05-21,5,11.5,0.0
london,2026-05-21,6,13.6,0.0
london,2026-05-21,7,14.9,0.0
london,2026-05-21,8,16.0,0.0
london,2026-05-21,9,16.4,0.0
london,2026-05-21,10,17.1,0.0
london,2026-05-21,11,19.8,0.0
london,2026-05-21,12,21.7,0.0
london,2026-05-21,13,22.4,0.0
london,2026-05-21,14,23.0,0.0
london,2026-05-21,15,23.2,0.0
london,2026-05-21,16,22.5,0.0
london,2026-05-21,17,21.2,0.0
london,2026-05-21,18,21.4,0.0
london,2026-05-21,19,20.4,0.0
london,2026-05-21,20,18.8,0.0
london,2026-05-21,21,18.0,0.0
london,2026-05-21,22,17.5,0.0
london,2026-05-21,23,16.8,0.0
london,2026-05-22,0,16.3,0.0
london,2026-05-22,1,16.0,0.0
london,2026-05-22,2,15.6,0.0
london,2026-05-22,3,15.3,0.0
london,2026-05-22,4,15.0,0.0
london,2026-05-22,5,15.4,0.0
london,2026-05-22,6,17.4,0.0
london,2026-05-22,7,19.3,0.0
london,2026-05-22,8,21.3,0.0
london,2026-05-22,9,23.3,0.0
london,2026-05-22,10,24.7,0.0
london,2026-05-22,11,25.7,0.0
london,2026-05-22,12,27.0,0.0
london,2026-05-22,13,27.4,0.0
london,2026-05-22,14,27.7,0.0
london,2026-05-22,15,27.6,0.0
london,2026-05-22,16,27.3,0.0
london,2026-05-22,17,26.7,0.0
london,2026-05-22,18,26.4,0.0
london,2026-05-22,19,25.2,0.0
london,2026-05-22,20,24.0,0.0
london,2026-05-22,21,23.0,0.0
london,2026-05-22,22,22.2,0.0
london,2026-05-22,23,21.6,0.0
london,2026-05-23,0,21.3,0.0
london,2026-05-23,1,21.0,0.0
london,2026-05-23,2,20.7,0.0
london,2026-05-23,3,20.0,0.0
london,2026-05-23,4,19.1,0.0
london,2026-05-23,5,18.9,0.0
london,2026-05-23,6,20.2,0.0
london,2026-05-23,7,21.7,0.0
london,2026-05-23,8,23.3,0.0
london,2026-05-23,9,24.8,0.0
london,2026-05-23,10,26.3,0.0
london,2026-05-23,11,27.7,0.0
london,2026-05-23,12,29.0,0.0
london,2026-05-23,13,29.5,0.0
london,2026-05-23,14,30.0,0.0
london,2026-05-23,15,30.1,0.0
london,2026-05-23,16,29.7,0.0
london,2026-05-23,17,29.0,0.0
london,2026-05-23,18,28.7,0.0
london,2026-05-23,19,27.5,0.0
london,2026-05-23,20,26.3,0.0
london,2026-05-23,21,25.3,0.0
london,2026-05-23,22,24.2,0.0
london,2026-05-23,23,22.5,0.0
london,2026-05-24,0,19.9,0.0
london,2026-05-24,1,18.4,0.0
london,2026-05-24,2,17.4,0.0
london,2026-05-24,3,16.8,0.0
london,2026-05-24,4,16.3,0.0
london,2026-05-24,5,16.4,0.0
london,2026-05-24,6,17.3,0.0
london,2026-05-24,7,19.2,0.0
london,2026-05-24,8,21.6,0.0
london,2026-05-24,9,24.2,0.0
london,2026-05-24,10,26.5,0.0
london,2026-05-24,11,28.3,0.0
london,2026-05-24,12,29.5,0.0
london,2026-05-24,13,31.0,0.0
london,2026-05-24,14,31.8,0.0
london,2026-05-24,15,32.3,0.0
london,2026-05-24,16,32.5,0.0
london,2026-05-24,17,32.4,0.0
london,2026-05-24,18,31.4,0.0
london,2026-05-24,19,28.5,0.0
london,2026-05-24,20,26.2,0.0
london,2026-05-24,21,25.4,0.0
london,2026-05-24,22,24.8,0.0
london,2026-05-24,23,24.0,0.0
london,2026-05-25,0,22.2,0.0
london,2026-05-25,1,21.3,0.0
london,2026-05-25,2,20.6,0.0
london,2026-05-25,3,19.9,0.0
london,2026-05-25,4,19.1,0.0
london,2026-05-25,5,19.1,0.0
london,2026-05-25,6,20.5,0.0
london,2026-05-25,7,22.9,0.0
london,2026-05-25,8,25.8,0.0
london,2026-05-25,9,28.5,0.0
london,2026-05-25,10,30.4,0.0
london,2026-05-25,11,31.7,0.0
london,2026-05-25,12,33.0,0.0
london,2026-05-25,13,33.5,0.0
london,2026-05-25,14,33.8,0.0
london,2026-05-25,15,33.6,0.0
london,2026-05-25,16,33.1,0.0
london,2026-05-25,17,32.5,0.0
london,2026-05-25,18,32.0,0.0
london,2026-05-25,19,30.7,0.0
london,2026-05-25,20,29.2,0.0
london,2026-05-25,21,27.8,0.0
london,2026-05-25,22,26.4,0.0
london,2026-05-25,23,25.2,0.0
london,2026-05-26,0,24.1,0.0
london,2026-05-26,1,23.1,0.0
london,2026-05-26,2,22.4,0.0
london,2026-05-26,3,21.8,0.0
london,2026-05-26,4,21.2,0.0
london,2026-05-26,5,21.6,0.0
london,2026-05-26,6,23.4,0.0
london,2026-05-26,7,25.3,0.0
london,2026-05-26,8,27.7,0.0
london,2026-05-26,9,29.8,0.0
london,2026-05-26,10,31.4,0.0
london,2026-05-26,11,32.6,0.0
london,2026-05-26,12,33.9,0.0
london,2026-05-26,13,34.3,0.0
london,2026-05-26,14,34.5,0.0
london,2026-05-26,15,34.4,0.0
london,2026-05-26,16,33.9,0.0
london,2026-05-26,17,33.2,0.0
london,2026-05-26,18,32.0,0.0
london,2026-05-26,19,30.1,0.0
london,2026-05-26,20,28.5,0.0
london,2026-05-26,21,27.5,0.0
london,2026-05-26,22,26.7,0.0
london,2026-05-26,23,25.9,0.0
london,2026-05-27,0,25.0,0.0
london,2026-05-27,1,24.1,0.0
london,2026-05-27,2,22.7,0.0
london,2026-05-27,3,21.1,0.0
london,2026-05-27,4,20.0,0.0
london,2026-05-27,5,19.1,0.0
london,2026-05-27,6,18.8,0.0
london,2026-05-27,7,19.9,0.0
london,2026-05-27,8,21.6,0.0
london,2026-05-27,9,23.4,0.0
london,2026-05-27,10,24.9,0.0
london,2026-05-27,11,25.9,0.0
london,2026-05-27,12,27.0,0.0
london,2026-05-27,13,27.2,0.0
london,2026-05-27,14,27.1,0.0
london,2026-05-27,15,26.3,0.0
london,2026-05-27,16,25.0,0.0
london,2026-05-27,17,23.6,0.0
london,2026-05-27,18,22.5,0.0
london,2026-05-27,19,20.7,0.0
london,2026-05-27,20,19.0,0.0
london,2026-05-27,21,17.8,0.0
london,2026-05-27,22,17.2,0.0
london,2026-05-27,23,16.8,0.0
london,2026-05-28,0,15.7,0.0
london,2026-05-28,1,15.7,0.0
london,2026-05-28,2,16.0,0.0
london,2026-05-28,3,16.3,0.0
london,2026-05-28,4,16.4,0.0
london,2026-05-28,5,16.6,0.1
london,2026-05-28,6,17.7,0.0
london,2026-05-28,7,19.8,0.0
london,2026-05-28,8,22.4,0.0
london,2026-05-28,9,24.7,0.0
london,2026-05-28,10,27.1,0.0
london,2026-05-28,11,29.1,0.0
london,2026-05-28,12,29.4,0.0
london,2026-05-28,13,30.1,0.0
london,2026-05-28,14,31.2,0.0
london,2026-05-28,15,29.7,0.1
london,2026-05-28,16,29.7,0.3
london,2026-05-28,17,29.9,0.0
london,2026-05-28,18,29.8,0.0
london,2026-05-28,19,27.8,0.0
london,2026-05-28,20,26.2,0.0
london,2026-05-28,21,25.1,0.0
london,2026-05-28,22,24.2,0.0
london,2026-05-28,23,23.4,0.0
london,2026-05-29,0,22.4,0.0
london,2026-05-29,1,21.8,0.0
london,2026-05-29,2,20.9,0.0
london,2026-05-29,3,19.8,0.0
london,2026-05-29,4,19.1,0.0
london,2026-05-29,5,18.6,0.0
london,2026-05-29,6,18.3,0.0
london,2026-05-29,7,19.5,0.0
london,2026-05-29,8,20.0,0.0
london,2026-05-29,9,21.8,0.0
london,2026-05-29,10,23.4,0.0
london,2026-05-29,11,24.9,0.0
london,2026-05-29,12,25.2,0.0
london,2026-05-29,13,26.0,0.0
london,2026-05-29,14,26.7,0.0
london,2026-05-29,15,25.8,0.0
london,2026-05-29,16,24.7,0.0
london,2026-05-29,17,25.1,0.0
london,2026-05-29,18,24.7,0.0
london,2026-05-29,19,23.8,0.0
london,2026-05-29,20,22.7,0.0
london,2026-05-29,21,22.3,0.0
london,2026-05-29,22,21.5,0.0
london,2026-05-29,23,20.9,0.0
london,2026-05-30,0,19.0,0.0
london,2026-05-30,1,18.2,0.0
london,2026-05-30,2,17.7,0.0
london,2026-05-30,3,17.1,0.0
london,2026-05-30,4,16.6,0.0
london,2026-05-30,5,16.8,0.0
london,2026-05-30,6,18.1,0.0
london,2026-05-30,7,20.0,0.0
london,2026-05-30,8,21.8,0.0
london,2026-05-30,9,23.8,0.0
london,2026-05-30,10,25.5,0.0
london,2026-05-30,11,26.7,0.0
london,2026-05-30,12,28.0,0.0
london,2026-05-30,13,29.0,0.0
london,2026-05-30,14,29.5,0.0
london,2026-05-30,15,30.0,0.0
london,2026-05-30,16,29.8,0.0
london,2026-05-30,17,28.7,0.0
london,2026-05-30,18,28.1,0.0
london,2026-05-30,19,26.6,0.0
london,2026-05-30,20,25.2,0.0
london,2026-05-30,21,24.1,0.0
london,2026-05-30,22,23.0,0.0
london,2026-05-30,23,21.9,0.0
london,2026-05-31,0,19.4,0.0
london,2026-05-31,1,18.3,0.0
london,2026-05-31,2,17.2,0.0
london,2026-05-31,3,16.5,0.0
london,2026-05-31,4,16.0,0.0
london,2026-05-31,5,15.8,0.0
london,2026-05-31,6,16.4,0.0
london,2026-05-31,7,17.2,0.0
london,2026-05-31,8,18.4,0.0
london,2026-05-31,9,19.6,0.0
london,2026-05-31,10,20.9,0.0
london,2026-05-31,11,21.6,0.0
london,2026-05-31,12,22.2,0.0
london,2026-05-31,13,22.5,0.0
london,2026-05-31,14,23.0,0.0
london,2026-05-31,15,22.9,0.0
london,2026-05-31,16,22.8,0.0
london,2026-05-31,17,22.4,0.0
london,2026-05-31,18,21.7,0.0
london,2026-05-31,19,20.7,0.0
london,2026-05-31,20,20.1,0.0
london,2026-05-31,21,19.2,0.0
london,2026-05-31,22,18.4,0.0
london,2026-05-31,23,17.5,0.0
london,2026-06-01,0,15.8,0.0
london,2026-06-01,1,15.1,0.0
london,2026-06-01,2,14.5,0.0
london,2026-06-01,3,14.1,0.0
london,2026-06-01,4,13.7,0.0
london,2026-06-01,5,14.0,0.0
london,2026-06-01,6,14.8,0.0
london,2026-06-01,7,16.3,0.0
london,2026-06-01,8,17.9,0.0
london,2026-06-01,9,18.9,0.0
london,2026-06-01,10,20.0,0.0
london,2026-06-01,11,20.8,0.0
london,2026-06-01,12,22.9,0.0
london,2026-06-01,13,24.4,0.0
london,2026-06-01,14,23.1,0.0
london,2026-06-01,15,19.9,0.1
london,2026-06-01,16,20.1,0.0
london,2026-06-01,17,19.7,0.0
london,2026-06-01,18,18.5,0.0
london,2026-06-01,19,17.4,0.9
london,2026-06-01,20,16.6,0.4
london,2026-06-01,21,16.6,0.1
london,2026-06-01,22,16.1,0.4
london,2026-06-01,23,15.9,0.3
